,calibX,calibY,time
0,-0.04158347389408092,0.0636728794011208,0
1,-0.04240477787631754,0.06277634794605913,0
2,-0.04110074212638138,0.06306288075150253,0
3,-0.04181720279722713,0.06062705565695136,0
4,-0.04236546163454596,0.062199112831250514,0
5,-0.04202688942000888,0.06370564293593045,1
6,-0.04065732660045342,0.0630301172166929,1
7,-0.04202688942000888,0.06370564293593045,1
8,-0.041341023736489534,0.060113262859801245,1
9,-0.04137378727129917,0.06059429212214173,1
10,-0.04165555367066214,0.06473114377826983,1
11,-0.04048695621944326,0.06052876505252242,1
12,-0.040963135280180855,0.061042557849672545,1
13,-0.042897560265659516,0.0622384290730221,1
14,-0.041035215056762074,0.06210082222682158,1
15,-0.0382074063124656,0.06074321808138465,1
16,-0.042969640042240735,0.0632966934501712,1
17,-0.03975389221999315,0.06401630181726074,1
18,-0.04382370755928701,0.06288119125745001,1
19,-0.044267123085214966,0.06291395479225965,1
20,-0.04471053861114292,0.06294671832706931,1
21,-0.046821886684593646,0.0667401475670574,1
22,-0.04243754141112718,0.06325737720839962,1
23,-0.04736142426746731,0.061706764455867674,1
24,-0.04606394122449308,0.062089503113779206,1
25,-0.04688524520672971,0.06119297165871755,2
26,-0.046950772276348994,0.06215503018339849,2
27,-0.04844833444286162,0.06341434372440648,2
28,-0.048014526416177004,0.06481811526965635,2
29,-0.048425178407295315,0.06436984954212552,2
30,-0.0491254788719358,0.06040128351504676,2
31,-0.05043956524351439,0.05896683318694812,2
32,-0.05092229701121392,0.05957683183656632,2
33,-0.05139847607195153,0.060090624633716457,2
34,-0.05054440855490526,0.060506126826437634,2
35,-0.051760204322054915,0.05762858871131757,2
36,-0.05401659819346629,0.05836964150017436,2
37,-0.05081745369982305,0.05803753819707682,2
38,-0.05234122669418339,0.059681675147957206,2
39,-0.05165536101066405,0.05608929507182801,2
40,-0.053452179149942186,0.05526484339334758,2
41,-0.053823514899288924,0.05423934255100819,2
42,-0.05134083107649144,0.05147141415335947,2
43,-0.05096294262018278,0.052400709143230785,2
44,-0.04948853648923645,0.05018588978450371,2
45,-0.05007611156832686,0.05233518207361149,2
46,-0.05217873838733244,0.04952317102811071,3
47,-0.05306556943918835,0.049588698097730005,3
48,-0.052759760759460914,0.05157625746475035,3
49,-0.05082533577398226,0.050380386241400794,3
50,-0.05180084993102377,0.05045246601798202,3
51,-0.05172877015444255,0.04939420164083298,3
52,-0.05258283767148882,0.0489786994481118,3
53,-0.05180084993102377,0.05045246601798202,3
54,-0.05299348966260714,0.04853043372058097,3
55,-0.05265491744807005,0.050036963825260836,3
56,-0.05320317628538887,0.05160902099955999,3
57,-0.054346892275957306,0.047673218507290886,3
58,-0.054418972052538525,0.048731482884439924,3
59,-0.05582129840690361,0.049888037866017906,3
60,-0.05713538477848222,0.048453587537919264,3
61,-0.05850494759803767,0.049129113257156756,3
62,-0.05854426383980924,0.049706348371965324,3
63,-0.05951977799685075,0.04977842814854654,3
64,-0.05761811654618175,0.049063586187537464,3
65,-0.060850024574634634,0.04987671875297549,4
66,-0.06230827049937566,0.0505587971791749,4
67,-0.062944769319481,0.05472185966315074,4
68,-0.06319510155123156,0.050624324248794206,4
69,-0.06605567383033772,0.05246295765657166,4
70,-0.06518500298468707,0.053930171519479944,4
71,-0.0636778333189311,0.0512343228984124,4
72,-0.06958378303927469,0.04985199577492984,4
73,-0.06899620796018427,0.04770270348582207,4
74,-0.07123644162539036,0.04691101534215128,4
75,-0.07120367809058072,0.0464299860798108,4
76,-0.07250116113355495,0.04604724742189925,4
77,-0.0733718319792056,0.04458003355899097,4
78,-0.0737824839703239,0.044131767831460146,4
79,-0.07360556088235182,0.0415342098148216,4
80,-0.07349283549680174,0.047652068131008134,4
81,-0.07401621287347011,0.04108594408729078,4
82,-0.07080746088058354,0.039317305704133734,4
83,-0.07304769454578963,0.03852561756046295,4
84,-0.07382968228625468,0.03705185099059273,4
85,-0.07221766930910783,0.032816708730035685,4
86,-0.07273316461161702,0.03390773664199437,5
87,-0.07456274628570479,0.033564314225854416,5
88,-0.07425693760597736,0.03555187359287474,5
89,-0.0749013185002419,0.03205778412117455,5
90,-0.07427309781218264,0.037084614525402376,5
91,-0.07483579143062259,0.031095725596493585,5
92,-0.07264492462883052,0.03131673133231776,5
93,-0.07332862176486662,0.02839987697542608,5
94,-0.0747475514478361,0.028504720286816953,5
95,-0.07432029612811342,0.030004697684534908,5
96,-0.0746820243782168,0.027542661762136003,5
97,-0.07592403097321418,0.02504994705688833,5
98,-0.0730306951592984,0.022730284386770418,5
99,-0.07505336012756354,0.02651716091979661,5
100,-0.07491575328136302,0.02449683801796663,5
101,-0.07498128035098231,0.025458896542647574,5
102,-0.07647012126304976,0.020112769798166664,5
103,-0.07410888408024754,0.017832423369820345,5
104,-0.07491575328136302,0.02449683801796663,5
105,-0.07547189419284105,0.01841174323658976,5
106,-0.0751660855131136,0.02039930260361013,6
107,-0.0756160537460035,0.02052827199088785,6
108,-0.07586638597775408,0.01643073657653135,6
109,-0.0759384657543353,0.017489000953680382,6
110,-0.07540636712322174,0.017449684711908817,6
111,-0.07572877913155357,0.014410413674701368,6
112,-0.07565931102485468,0.017276931127858424,6
113,-0.07548894064384452,0.014775578963687936,6
114,-0.07572266954699075,0.011729755219518564,6
115,-0.07706951945337899,0.010776334153760371,6
116,-0.07762433099765972,0.012444597180527647,6
117,-0.0785670816198916,0.012035647694768389,6
118,-0.07918874960098893,0.006912611438072459,6
119,-0.07403857679326269,0.006436348581812482,6
120,-0.07908390628959805,0.005373317798582952,6
121,-0.07498132741549454,0.006027399096053231,6
122,-0.07707740152753818,0.0031191821980843387,6
123,-0.07807562859774689,0.004820208759661257,6
124,-0.078463567675698,0.0027429962471347408,6
125,-0.0774880535186565,0.0026709164705535082,6
126,-0.07693979468133766,0.001098859296254355,7
127,-0.0807038013409041,0.0019513081034639446,7
128,-0.07843080414088835,0.0022619669847942572,7
129,-0.07918002834654375,0.00030717115258356575,7
130,-0.07863176950922493,-0.0012648860217155874,7
131,-0.08012277896877562,-0.00010177833317568524,7
132,-0.07863176950922493,-0.0012648860217155874,7
133,-0.07854352952643844,-0.0038558913313922367,7
134,-0.0793975970434847,-0.004271393524113414,7
135,-0.07854352952643844,-0.0038558913313922367,7
136,-0.07705252006688774,-0.0050189990199321355,7
137,-0.078399369973276,-0.005972420085690343,7
138,-0.0769970436189109,-0.007128975067268301,7
139,-0.07771350428975665,-0.009564800161819476,7
140,-0.08009834063052428,-0.010824412153906879,7
141,-0.07736532457597621,-0.009494805137199098,7
142,-0.07905074669690154,-0.011954756307637156,7
143,-0.0799934973191334,-0.01236370579339641,7
144,-0.07992141754255218,-0.013421970170545455,7
145,-0.07937315870523334,-0.014994027344844604,8
146,-0.07512642027796738,-0.01645647480167242,8
147,-0.07827008832363377,-0.01823434754591103,8
148,-0.076229490659567,-0.013216154600606007,8
149,-0.07930107892865214,-0.016052291721993663,8
150,-0.07912415584068003,-0.018649849738632214,8
151,-0.07660215577611097,-0.021995013251089535,8
152,-0.07711765107862018,-0.020903985339130828,8
153,-0.07677907886408308,-0.019397455234450956,8
154,-0.07702808172863639,-0.015741632840663357,8
155,-0.07516051317997431,-0.02372880334747606,8
156,-0.07516051317997431,-0.02372880334747606,8
157,-0.07519327671478396,-0.023247774085135585,8
158,-0.07498359009200221,-0.026326361364114634,8
159,-0.07315400841791447,-0.025982938947974675,8
160,-0.07208370157112452,-0.028742229886700624,8
161,-0.07249435356224283,-0.02919049561423145,8
162,-0.07190677848315241,-0.03133978790333919,8
163,-0.07277744932880306,-0.032807001766247484,8
164,-0.0723340338028751,-0.03283976530105713,8
165,-0.0698675101862829,-0.03407495276617828,8
166,-0.06956170150655547,-0.032087393399157914,9
167,-0.06945685819516458,-0.03362668703864745,9
168,-0.07026505676347737,-0.034715630198645285,9
169,-0.07022574052170578,-0.03529286531345387,9
170,-0.07207192552439794,-0.036687999399780936,9
171,-0.07020958031550051,-0.03682560624598145,9
172,-0.06960540190780574,-0.03792318686490206,9
173,-0.06905059036352497,-0.03959144989166933,9
174,-0.06633417763758129,-0.039313554545148656,9
175,-0.06386110131402717,-0.040644947862737896,9
176,-0.06615070184264728,-0.04200731841425532,9
177,-0.06580207900646774,-0.039352870786920235,9
178,-0.06501486792623803,-0.045728667877662214,9
179,-0.06446005638195729,-0.04739693090442948,9
180,-0.06307389023379746,-0.04702074495347988,9
181,-0.061139465248318814,-0.04821661617682946,9
182,-0.06175980386221886,-0.04558629462538124,9
183,-0.06062396994580963,-0.049307644088788134,9
184,-0.06026879440266818,-0.04674940231392114,9
185,-0.058882628254508365,-0.04637321636297154,10
186,-0.05861091247678784,-0.05165798554175483,10
187,-0.05708058677546557,-0.053398328345103316,10
188,-0.055733736869077344,-0.052444907279345136,10
189,-0.05504131847859606,-0.056133493207942385,10
190,-0.05268968879503719,-0.05697730455622922,10
191,-0.05358307255385503,-0.05681557163414183,10
192,-0.05112659955890528,-0.05919867662191819,10
193,-0.05189109772596777,-0.05445182631617189,10
194,-0.05522829218821059,-0.05468385271395906,10
195,-0.05318247118437914,-0.05751522342926624,10
196,-0.04975048403238788,-0.059970408193623786,10
197,-0.049130145418487835,-0.06260072974507197,10
198,-0.048896416515341615,-0.0595549060009026,10
199,-0.04768850282235117,-0.06433451984145855,10
200,-0.04916290895329749,-0.06211970048273151,10
201,-0.04630233667419134,-0.06395833389050894,10
202,-0.04374102036785073,-0.06788073251777482,10
203,-0.04546442936335036,-0.06201009076526018,10
204,-0.04436135898175077,-0.0652504109663266,10
205,-0.04421719942858834,-0.06736693972062471,10
206,-0.04228277444310968,-0.06856281094397426,11
207,-0.04181620288161543,-0.06764006866106487,11
208,-0.041855519123387,-0.0670628335462563,11
209,-0.04181620288161543,-0.06764006866106487,11
210,-0.03908318682706738,-0.0663104616443571,11
211,-0.03655463405553638,-0.06975183100928248,11
212,-0.03694912584044942,-0.07173283766934091,11
213,-0.035635039468870824,-0.07029838734124223,11
214,-0.035379483897355575,-0.07405041558749795,11
215,-0.03226857938649886,-0.07179151358091887,11
216,-0.03279062739596997,-0.0706042798164921,11
217,-0.03644323803718358,-0.0713873305012401,11
218,-0.035967058976445976,-0.07190112329839021,11
219,-0.03312264690354512,-0.07220701577364004,11
220,-0.03214058003954169,-0.07237530140268938,11
221,-0.03125374898768578,-0.07244082847230866,11
222,-0.02969065975155387,-0.07466220053799762,11
223,-0.024777713761654357,-0.07942841051355032,11
224,-0.029063768430691892,-0.07738872794191395,11
225,-0.022803972534404134,-0.08120151685170843,11
226,-0.026147276581209817,-0.07875288479431279,12
227,-0.02373011982803162,-0.08055875466728057,12
228,-0.024777713761654357,-0.07942841051355032,12
229,-0.020514372005784036,-0.07983914630019101,12
230,-0.01733138771834608,-0.07863850867076096,12
231,-0.02074677154173297,-0.0751316122362163,12
232,-0.018113375458811126,-0.08011227524063122,12
233,-0.01613963423156091,-0.08188538157878933,12
234,-0.013827320789773598,-0.08215195781226758,12
235,-0.013383905263845634,-0.08218472134707724,12
236,-0.011981135787081446,-0.08075682372594051,12
237,-0.008937087713041303,-0.08528922100282457,12
238,-0.009387055945931186,-0.08516025161554686,12
239,-0.010023997888435603,-0.08358164173428576,12
240,-0.010428097172591987,-0.08412611331428468,12
241,-0.00955742632694135,-0.08265889945137637,12
242,-0.008315419731943968,-0.0801661847461287,12
243,-0.00717303310857282,-0.08398374006200367,12
244,-0.004772036561599913,-0.08425686900244386,12
245,-0.004029365062906437,-0.08220586731776508,13
246,-0.002394196050193302,-0.08548550376060307,13
247,-0.0028376115761212586,-0.08545274022579344,13
248,-0.0015562887393523114,-0.08353726063535431,13
249,0.0018036186360577203,-0.08493418102256282,13
250,0.0038822031746988186,-0.08824658100021049,13
251,0.0042548682912428235,-0.07946772234972696,13
252,0.008307194057134142,-0.08455322866553275,13
253,0.005850721062184379,-0.0821701236777564,13
254,0.00733167990009263,-0.08448114888895153,13
255,0.008074794521185192,-0.079845694601558,13
256,0.010048535748435415,-0.08161880093971616,13
257,0.011418098567990864,-0.08229432665895367,13
258,0.01381909511496376,-0.08256745559939385,13
259,0.016768350499255496,-0.08441264171413321,13
260,0.016124855849789146,-0.082737825980404,13
261,0.017478258463139325,-0.08188061076711393,13
262,0.019735095456949778,-0.08003721095325604,13
263,0.020283354294268606,-0.08160926812755519,13
264,0.021321783851047077,-0.07871862459851127,13
265,0.022120374920116485,-0.07619314635845391,13
266,0.024886154509474196,-0.07534456860408661,14
267,0.02627232065763402,-0.07496838265313702,14
268,0.027802646358956285,-0.07670872545648548,14
269,0.02904465295395365,-0.0742160107512378,14
270,0.030719138208438364,-0.07807288230888436,14
271,0.03312013475541127,-0.07834601124932455,14
272,0.03693001036371119,-0.07987190102381082,14
273,0.036618978344219094,-0.07400989673021893,14
274,0.03532760488580771,-0.0770732938433133,14
275,0.03669105812080033,-0.075068161107368,14
276,0.03786098493921647,-0.07151718202497126,14
277,0.03756172896645095,-0.07360094724445969,14
278,0.040294745020999015,-0.0722713402277519,14
279,0.04496873876798767,-0.07223381028686181,14
280,0.041536751615996396,-0.0697786255225042,14
281,0.043582572619827835,-0.0726099962378114,14
282,0.04335017308387889,-0.06790246217383666,14
283,0.046282825139566254,-0.07079935995876314,14
284,0.04484118254342957,-0.06906556986237657,14
285,0.04626666493336097,-0.06926661902623554,15
286,0.04758075130493957,-0.06783216869813691,15
287,0.049779057058491755,-0.06253846360935145,15
288,0.05175935099270391,-0.06440777579997765,15
289,0.053234200246049315,-0.06403814255598998,15
290,0.054088267763095575,-0.0636226403632688,15
291,0.056132363341842885,-0.057360324042840444,15
292,0.054824829677226225,-0.058890980223407205,15
293,0.05711443020584632,-0.05752860967188978,15
294,0.05786715232618223,-0.05432969046455576,15
295,0.0576072125951883,-0.0569906907988528,15
296,0.058089944362887835,-0.057600689448471,15
297,0.05930923804471799,-0.053479027958227614,15
298,0.059713337328874364,-0.05293455637822869,15
299,0.06357257980058832,-0.05388976374486831,15
300,0.061155423047410146,-0.05208389387190054,15
301,0.06451533042282018,-0.05348081425910907,15
302,0.06179674914939326,-0.04724947517260892,15
303,0.0637770430836054,-0.04911878736323515,15
304,0.06438122149130018,-0.05021636798215576,15
305,0.0647918734824185,-0.04976810225462493,15
306,0.06809630440985168,-0.04905504659449729,16
307,0.06338737858057016,-0.04210231284002615,16
308,0.06601116716424867,-0.04564644076438157,16
309,0.06691460154470893,-0.04466025616381374,16
310,0.07221637285735773,-0.042180348421410524,16
311,0.07304772746123679,-0.04013589944369364,16
312,0.07398392537650675,-0.039630744105466305,16
313,0.07426046843610504,-0.035918032100982156,16
314,0.07561736896413572,-0.03381669351256878,16
315,0.07510187366162654,-0.03272566560061009,16
316,0.07554528918755449,-0.032758429135419743,16
317,0.07675803016242275,-0.028540561792708263,16
318,0.07837703896893058,-0.030287457303018652,16
319,0.07788425657958864,-0.03082537617605568,16
320,0.0771787327751835,-0.026944378542522216,16
321,0.07843906812386939,-0.03249363920282293,16
322,0.07675803016242275,-0.028540561792708263,16
323,0.07766146454288303,-0.027554377192140437,16
324,0.07905768131268529,-0.026030273718535633,16
325,0.07861426578675733,-0.025997510183725984,17
326,0.08124593644459503,-0.021884486152405378,17
327,0.08264870592135921,-0.020456588531268638,17
328,0.08223805393024089,-0.020904854258799472,17
329,0.07904285047367728,-0.01674417497786392,17
330,0.08107251127130344,-0.018042804760643506,17
331,0.08107251127130344,-0.018042804760643506,17
332,0.07998560109590913,-0.016335225492104657,17
333,0.08437782844353481,-0.012160843895086447,17
334,0.085780597920299,-0.010732946273949731,17
335,0.08431579928859603,-0.009954661995282194,17
336,0.08492785977045003,-0.003395090658526785,17
337,0.08359367215558654,-0.007125376031935873,17
338,0.08560062004004548,-0.0067950590297197674,17
339,0.08466575149197283,0.00045314344019701386,17
340,0.0848557799938688,-0.0023368262813777477,17
341,0.08632407654025227,-0.001870987184921978,17
342,0.08782163870676488,-0.0031303007259299923,17
343,0.08571989813255751,-0.0007734065660013542,17
344,0.08534989175040805,0.005954450399803364,17
345,0.08655475065111708,0.002515165786838816,17
346,0.08745818503157737,0.003501350387406628,18
347,0.08500782162119046,0.003203796920000182,18
348,0.08384227896225299,0.006065846418156162,18
349,0.09074995366748578,0.006991270355185167,18
350,0.08761022665889902,0.009041973588784558,18
351,0.08611266449238637,0.010301287129792575,18
352,0.08596195223226202,0.012514021736558762,18
353,0.08498643807522051,0.01258610151313998,18
354,0.08950577852500517,0.011007790082958283,18
355,0.08546916984292004,0.011976102863521767,18
356,0.08554913169366046,0.018574990442048734,18
357,0.08513847970254215,0.018126724714517907,18
358,0.08416296554550066,0.018198804491099143,18
359,0.08131855347259981,0.018504696966348978,18
360,0.08258066131088204,0.023293246716907093,18
361,0.08302407683681001,0.023260483182097443,18
362,0.08080438753728787,0.027349082686451767,18
363,0.07936885452571404,0.026402214327655535,18
364,0.08080438753728787,0.027349082686451767,18
365,0.08032165576958837,0.027959081336069988,18
366,0.08066372589880595,0.03070973481587317,19
367,0.08110714142473391,0.03067697128106352,19
368,0.07829332433915945,0.037011068926993705,19
369,0.07798401774475151,0.033779386184850047,19
370,0.07821469185561632,0.038165539156610834,19
371,0.07670707906746124,0.038276935174963625,19
372,0.07716054521503164,0.03939208916280923,19
373,0.07614571481621855,0.040041404054199,19
374,0.07557429994333344,0.040657955410779135,19
375,0.0741387669317596,0.0397110870519829,19
376,0.07863539446837707,0.039761722406796894,19
377,0.07306190737800776,0.04256658384317692,19
378,0.07306323674520503,0.05031994165132107,19
379,0.07276048285775898,0.046992053056709324,19
380,0.07268185037421585,0.04814652328632646,19
381,0.0711742375860608,0.04825791930467925,19
382,0.06985010059283975,0.04567555145392536,19
383,0.0706128733348181,0.05002238818391462,19
384,0.06465189028889676,0.053334489710482824,19
385,0.06489739523876957,0.048434543941571914,19
386,0.06430326745271724,0.05068004208314778,20
387,0.06324912081213258,0.051906592089346115,20
388,0.06351911116476897,0.05571550994629834,20
389,0.061378054348789984,0.058649639221035554,20
390,0.06160739909245752,0.055282434384652225,20
391,0.05900632342194624,0.05719761552401198,20
392,0.05945978956951661,0.05831276951185752,20
393,0.058484275412475126,0.05838484928843875,20
394,0.05647732752801615,0.05805453228622265,20
395,0.0563759821313058,0.060837949300835484,20
396,0.0563759821313058,0.060837949300835484,20
397,0.05517767593755869,0.06418102806133194,20
398,0.054497033593804006,0.059923844476848884,20
399,0.053331490934866554,0.06278589397500482,20
400,0.049334198494553005,0.06317697164075978,20
401,0.05021491996184608,0.06579210302632327,20
402,0.050136287478302934,0.06694657325594039,20
403,0.053663510442441706,0.06438862993215283,20
404,0.04603764964127903,0.07012106793630812,20
405,0.05188112708428472,0.07112512435688027,21
406,0.046497668495811356,0.07114001607168563,21
407,0.04310455446319257,0.07043351311851992,21
408,0.041872598489837626,0.06908871593592744,21
409,0.04172188622971326,0.0713014505426936,21
410,0.04340292419115989,0.06734837313257892,21
411,0.03755333716359136,0.06902497516718958,21
412,0.03795743644774775,0.06956944674718848,21
413,0.035451596589383974,0.0713818693271182,21
414,0.0368150498243766,0.0733870020630635,21
415,0.03485746880333163,0.07362736746869404,21
416,0.032899887782286696,0.07386773287432458,21
417,0.031109622349970494,0.07294707534337604,21
418,0.030426811458732564,0.07519912619191382,21
419,0.030332018768984146,0.07788633735405853,21
420,0.028564466249835146,0.07533673303811435,21
421,0.0280323676187216,0.07537604927988592,21
422,0.027027587841550956,0.0771732816939309,21
423,0.024449668206605966,0.08004396865100966,21
424,0.024482431741415605,0.0795629393886692,21
425,0.02524170656871345,0.08266565274353507,22
426,0.02245277094378945,0.08086156917144875,22
427,0.020439713474767644,0.08321191062441548,22
428,0.019536279094307368,0.0822257260238476,22
429,0.018449368918913057,0.08393330529238649,22
430,0.021089317708796837,0.07885643643550348,22
431,0.015217017768061086,0.08216198525510982,22
432,0.01833797290056026,0.08556880478434409,22
433,0.012736502492746857,0.07842067921973774,22
434,0.013179918018674814,0.07838791568492809,22
435,0.011366496550792315,0.0765117523362605,22
436,0.009442122186956108,0.07885554108226529,22
437,0.010069013507818095,0.07612901367834896,22
438,0.007468380959705888,0.08062864742042339,22
439,0.0059105150633386346,0.07500045582550013,22
440,0.004790841353134678,0.07718906435637948,22
441,0.004412952896826007,0.07625976936650819,22
442,0.001995796143647824,0.07806563923947593,22
443,0.0009482022100251106,0.07919598339320619,22
444,0.001890952832256966,0.07960493287896545,22
445,-0.0006703634740836614,0.08352733150623133,22
446,-0.00043796393813470835,0.07881979744225659,23
447,-0.00275027737992202,0.07908637367573489,23
448,-0.004208523304663057,0.07976845210193431,23
449,-0.005682929435609378,0.08198327146066132,23
450,-0.0059332616673599785,0.07788573604630485,23
451,-0.008865913723047326,0.08078263383123128,23
452,-0.008350418420538148,0.0796916059192726,23
453,-0.00692493603060676,0.07949055675541365,23
454,-0.011227594028248654,0.0804785276568629,23
455,-0.012225821098457372,0.08217955421843985,23
456,-0.014072006101149517,0.08078442013211273,23
457,-0.015585728473867414,0.08357647460564835,23
458,-0.010558331673333688,0.07583443591054666,23
459,-0.013104374018267213,0.07305518839985548,23
460,-0.014539463907441964,0.07469277264377398,23
461,-0.016819013814419623,0.07447831961491175,23
462,-0.017061463972011005,0.07803793615623124,23
463,-0.01909201101443535,0.07416766073358143,23
464,-0.02085606561890384,0.07286217979276054,23
465,-0.02133224467964144,0.07337597258991063,24
466,-0.02291149412197863,0.07713008558812716,24
467,-0.02327322237208202,0.07466804966572829,24
468,-0.02474107579606641,0.07678666317198721,24
469,-0.025046884475793847,0.07479910380496686,24
470,-0.025989635098025703,0.07439015431920762,24
471,-0.025989635098025703,0.07439015431920762,24
472,-0.028301948539813014,0.07465673055268585,24
473,-0.02939846621445067,0.07780084490128422,24
474,-0.0308807544195562,0.07235851230433522,24
475,-0.03139624972206538,0.0734495402162939,24
476,-0.03238792408531216,0.07505436092540274,24
477,-0.03411921515497099,0.07326785072224135,24
478,-0.035626384820726956,0.07596369934330884,24
479,-0.03669802103471418,0.07096963247389071,24
480,-0.03628736904359587,0.07141789820142154,24
481,-0.03963067309040153,0.07386653025881715,24
482,-0.04060618724744305,0.07393861003539837,24
483,-0.037388714000111296,0.0655645313667524,24
484,-0.03920169234559471,0.06627282062079956,24
485,-0.041080197760697414,0.0679431683995277,25
486,-0.03957302809494144,0.06524731977846017,25
487,-0.03670284831659196,0.06197215129062327,25
488,-0.041918105071538404,0.06599492527427889,25
489,-0.04246419536137398,0.06105774801555725,25
490,-0.0433741824487962,0.060167769267457524,25
491,-0.04439862034685263,0.062253619238906814,25
492,-0.04334141891398655,0.059686740005117055,25
493,-0.043269339137405334,0.05862847562796802,25
494,-0.04508231748288874,0.059336764882015176,25
495,-0.04566333985501721,0.0613898513186548,25
496,-0.04544404573299214,0.05687472895961629,25
497,-0.047361867389866405,0.059122311853152934,25
498,-0.04623258618041911,0.05549716824221415,25
499,-0.04766767606959385,0.057134752486132596,25
500,-0.047562832758202986,0.05559545884664309,25
501,-0.048302449464615024,0.0522041279343729,25
502,-0.04896515911256809,0.056752013828221065,25
503,-0.04918928051647094,0.052269655003992194,25
504,-0.050285798191108594,0.05541376935259051,25
505,-0.05079474078665585,0.05640859141208111,25
506,-0.050969495327144704,0.05249691499569886,26
507,-0.04852962566079932,0.049062098337735394,26
508,-0.05023337653541316,0.05464412253284578,26
509,-0.047845928524763215,0.05197895269462704,26
510,-0.052319400025814373,0.05288382315753211,26
511,-0.053173467542860633,0.05246832096481093,26
512,-0.05446134308659152,0.050649047226839904,26
513,-0.0538475571796534,0.04811493152785978,26
514,-0.05299348966260714,0.04853043372058097,26
515,-0.05945030989015185,0.05264494560170361,26
516,-0.059795434811650866,0.05123462134949183,26
517,-0.05948962613192342,0.05322218071651216,26
518,-0.06107675764841983,0.049319141759052706,26
519,-0.060978467043990875,0.04787605397203128,26
520,-0.06234802986354633,0.048551579691268776,26
521,-0.06402340136282922,0.04723954604348593,26
522,-0.06573153639692175,0.04640854165804358,26
523,-0.0654191750102324,0.048299895172595836,26
524,-0.06774764865822498,0.05009921233860172,26
525,-0.06793900652731821,0.0451358242520323,26
526,-0.06943962348611224,0.04773546702063172,27
527,-0.06954229825001987,0.04276552622710044,27
528,-0.06950953471521022,0.04228449696475997,27
529,-0.06800891775641618,0.039684854196160566,27
530,-0.072472781758224,0.039153189579006084,27
531,-0.07206212976710569,0.039601455306536915,27
532,-0.07380302833600787,0.03925148018343502,27
533,-0.07431852363851706,0.040342508095393706,27
534,-0.07145533968952858,0.034579092857310215,27
535,-0.0717960804515489,0.03958179718565112,27
536,-0.07226048346555994,0.032149820469720945,27
537,-0.0745168773369713,0.032890873258577764,27
538,-0.0749275293280896,0.03244260753104695,27
539,-0.07390309143003318,0.030356757559597627,27
540,-0.075676753533745,0.030487811698836218,27
541,-0.07556230272311079,0.02751198297928721,27
542,-0.07324998928132348,0.02724540674580897,27
543,-0.0760384817838484,0.028025775776437323,27
544,-0.07559506625792044,0.02799301224162768,27
545,-0.0762459998591469,0.024595128622395566,27
546,-0.07522156196109048,0.022509278650946266,28
547,-0.07659112478064592,0.023184804370183783,28
548,-0.07696462907747588,0.02866853796086518,28
549,-0.07665665185026521,0.024146862894864743,28
550,-0.0755505266763842,0.01956621346620691,28
551,-0.0758890988909213,0.018059683361527034,28
552,-0.07597078616674588,0.02055448281873557,28
553,-0.07552737064081791,0.02052171928392592,28
554,-0.07674971911492949,0.01774038702127393,28
555,-0.0762342238124203,0.016649359109315257,28
556,-0.07606385343141014,0.014148006945144766,28
557,-0.07298615557776217,0.014303485611349642,28
558,-0.07606385343141014,0.014148006945144766,28
559,-0.07597866824090506,0.012897330863059542,28
560,-0.07723683504210772,0.01193735709033944,28
561,-0.07908912962936271,0.013222881459195184,28
562,-0.0742146136364366,0.014202811803880454,28
563,-0.07968458678261231,0.007715021792626897,28
564,-0.07710578090286913,0.010013240040977547,28
565,-0.08012800230854028,0.007747785327436543,28
566,-0.07975666655919354,0.008773286169775935,29
567,-0.07883051926556604,0.008130523985348075,29
568,-0.07862738534974623,0.005148142558837117,29
569,-0.07940937309021129,0.003674375988966895,29
570,-0.07841769872696448,0.0020695552798580957,29
571,-0.07981041758208623,0.001789575181376575,29
572,-0.08018175333143299,0.0007640743390371768,29
573,-0.08073001216875181,0.00233613151333633,29
574,-0.08202749521172603,0.0019533928554247987,29
575,-0.08148578908136914,0.0004775415335937297,29
576,-0.07871389990744859,-0.001354539167221773,29
577,-0.07964004720107609,-0.0007117769827938922,29
578,-0.07860905659605773,-0.002893832806711287,29
579,-0.07905247212198568,-0.002861069271901627,29
580,-0.07936483350867506,-0.004752422786453887,29
581,-0.07975932529358808,-0.0067334294465122915,29
582,-0.07982485236320737,-0.005771370921831342,29
583,-0.08061339281063434,-0.007148931639233486,29
584,-0.07579262784060095,-0.013152712282947562,29
585,-0.07987860338610009,-0.012755081910230705,29
586,-0.08139188263641889,-0.0073785748339803975,30
587,-0.08110050873781258,-0.012951961570167973,30
588,-0.08064048988328026,-0.011933013434790515,30
589,-0.08081086026429044,-0.009431661270620055,30
590,-0.0811494324788275,-0.010938191375299916,30
591,-0.0760556223638763,-0.014473383389653156,30
592,-0.07906124044094309,-0.015687126433007067,30
593,-0.07986638421697441,-0.0181163988205963,30
594,-0.07809272211326258,-0.018247452959834886,30
595,-0.07809272211326258,-0.018247452959834886,30
596,-0.07846405786260931,-0.019272953802174295,30
597,-0.07861782491501512,-0.015719889967816716,30
598,-0.0780840008588174,-0.024852893245323807,30
599,-0.07692412466204371,-0.022449831685582285,30
600,-0.07719716980696151,-0.0249184203149431,30
601,-0.07657683119306145,-0.027548741866391314,30
602,-0.07483593262415927,-0.027198766743289436,30
603,-0.07480316908934961,-0.027679796005629906,30
604,-0.07442528063304096,-0.02675050101575861,30
605,-0.07449736040962218,-0.025692236638609537,30
606,-0.07377873119129319,-0.029765645977079185,31
607,-0.07230432506034687,-0.031980465335806216,31
608,-0.07240916837173773,-0.03044117169631668,31
609,-0.07127988716229045,-0.03406631530725549,31
610,-0.07040266360967788,-0.0326953072968153,31
611,-0.06715459537501972,-0.03504118079478092,31
612,-0.06817903327307615,-0.032955330823331616,31
613,-0.06451814449981648,-0.04136217302678723,31
614,-0.07035373986866295,-0.03470907749168336,31
615,-0.0713781777667194,-0.032623227520234076,31
616,-0.07072507561800968,-0.03573457833402277,31
617,-0.0697989283243822,-0.036377340518450624,31
618,-0.06331895206127117,-0.03953634658185426,31
619,-0.06784834313269826,-0.03910595267432778,31
620,-0.06696151208084236,-0.03917147974394707,31
621,-0.06671906192325097,-0.042731096285266564,31
622,-0.06534949910369553,-0.04340662200450409,31
623,-0.06476847673156705,-0.04545970844114372,31
624,-0.06378640986756362,-0.04562799407019305,31
625,-0.0632381510302448,-0.04720005124449222,31
626,-0.0628340517460884,-0.0466555796644933,32
627,-0.06180306114107006,-0.04883763548841066,32
628,-0.061431725391723306,-0.04781213464607127,32
629,-0.05999008279558664,-0.049545924742457836,32
630,-0.058998408432339854,-0.051150745451566636,32
631,-0.05767776935379934,-0.049812500975936085,32
632,-0.05857115311261717,-0.049650768053848715,32
633,-0.05231835304569044,-0.05595180371388983,32
634,-0.05473550979886861,-0.05414593384092205,32
635,-0.05380936250524112,-0.054788696025349935,32
636,-0.054840353110259484,-0.052606640201432533,32
637,-0.052833848348199625,-0.05486077580193115,32
638,-0.04853818617991874,-0.05833699345362702,32
639,-0.05054469094197861,-0.056082857853128415,32
640,-0.046281792308507375,-0.05907804624248382,32
641,-0.05427593406673539,-0.05571143830825927,32
642,-0.050906419192082,-0.058544893775527296,32
643,-0.05097194626170128,-0.05758283525084634,32
644,-0.050906419192082,-0.058544893775527296,32
645,-0.04953685637252655,-0.05922041949476482,32
646,-0.04906067731178894,-0.059734212291914945,33
647,-0.046627360352405486,-0.0630728230974103,33
648,-0.04620010503268281,-0.061572845699692354,33
649,-0.04710353941314309,-0.0625590303002602,33
650,-0.044282283375808536,-0.06382042859322903,33
651,-0.044282283375808536,-0.06382042859322903,33
652,-0.043405059823195966,-0.06244942058278882,33
653,-0.04376678807329935,-0.0649114565051877,33
654,-0.042308542148558316,-0.06559353493138717,33
655,-0.041711359570224545,-0.06917936230055438,33
656,-0.03994730496575608,-0.06787388135973348,33
657,-0.04012422805372817,-0.06527632334309494,33
658,-0.03808495975685865,-0.068011488205934,33
659,-0.037779151077131215,-0.06602392883891364,33
660,-0.03306628421077008,-0.0691480866155468,33
661,-0.03616713809998437,-0.07025907109947066,33
662,-0.03505618564422558,-0.06584223934486108,33
663,-0.03371721781199655,-0.07254597023477893,33
664,-0.03303352067596045,-0.06962911587788728,33
665,-0.032242811681050226,-0.07476078959350596,33
666,-0.035175463736737585,-0.0718638918085795,34
667,-0.030606756423538925,-0.07287152083091455,34
668,-0.033023913176717073,-0.07106565095794679,34
669,-0.030058497586220086,-0.07444357800521373,34
670,-0.030228867967230254,-0.07194222584104323,34
671,-0.02767410436785156,-0.075768418615841,34
672,-0.026005285575530605,-0.07436017911559009,34
673,-0.0255059504792267,-0.07391846609502119,34
674,-0.023830578979943794,-0.07260643244723834,34
675,-0.023144713296424452,-0.07619881252336752,34
676,-0.02223472620900224,-0.07530883377526777,34
677,-0.021380658691955975,-0.07489333158254659,34
678,-0.019760763640649943,-0.0714713218874276,34
679,-0.01745633227302183,-0.07939505007658186,34
680,-0.01718983983506596,-0.07683025559475296,34
681,-0.017222603369875605,-0.07634922633241249,34
682,-0.014602312700877612,-0.0811374776318912,34
683,-0.013047944719190883,-0.07675340941209126,34
684,-0.011380455294067185,-0.08309852771998444,34
685,-0.011162886597126248,-0.07851996304328747,34
686,-0.009550873619979416,-0.08275510530384447,35
687,-0.00359600015862091,-0.08338654837522995,35
688,-0.0069393042054266,-0.08093791631783431,35
689,-0.0017991820193427877,-0.0825620966967495,35
690,-0.004998326512986019,-0.08222999339365195,35
691,-0.00510972253133881,-0.08059449390169435,35
692,-0.0050048792199479455,-0.08213378754118386,35
693,-0.003087057563073675,-0.08438137043472053,35
694,0.0008844671717912547,-0.08180317208788836,35
695,-0.0022819137870423237,-0.08195209804713127,35
696,7.243619178691485e-06,-0.08317418009832857,35
697,0.0012951191629095651,-0.08135490636035753,35
698,0.0009893104831821264,-0.08334246572737788,35
699,0.002319557060966003,-0.08344075633180682,35
700,0.0046646340375629605,-0.08418836182762553,35
701,0.005662861107771679,-0.08588938838920246,35
702,0.006395925107221794,-0.08240185162446417,35
703,0.007354835935658926,-0.08352564307123252,35
704,0.008169587210933617,-0.08253290576370274,35
705,0.0105867439641118,-0.08433877563667053,35
706,0.01149673105153401,-0.08344879688857079,36
707,0.012931820940708764,-0.08508638113248927,36
708,0.012722134317927018,-0.08200779385351022,36
709,0.01667922427167081,-0.08699054160988597,36
710,0.01654161742547029,-0.08497021870805598,36
711,0.017500528253907428,-0.0860940101548243,36
712,0.01833843556474843,-0.08414576702957556,36
713,0.020506589453373292,-0.08229581450875571,36
714,0.024430915872307432,-0.08679753300279099,36
715,0.02134449676421428,-0.08034757138350693,36
716,0.027388053330758375,-0.08098556716185432,36
717,0.023706177069415604,-0.08004346520913853,36
718,0.026977401339640054,-0.08143383288938513,36
719,0.02799223173845314,-0.08208314778077497,36
720,0.027887388427062273,-0.08054385414128543,36
721,0.030127622092268356,-0.07975216599761463,36
722,0.031940600437751765,-0.0804604552516618,36
723,0.03185236045496526,-0.07786944994198515,36
724,0.033189159739711066,-0.07806394639888217,36
725,0.03314984349793949,-0.07748671128407363,36
726,0.03784655015809534,-0.07907812812817919,37
727,0.03688108662269628,-0.07785813082894275,37
728,0.037098655319637214,-0.07327956615224578,37
729,0.03871722100374597,-0.07761091426527089,37
730,0.039466445209401374,-0.07565611843306018,37
731,0.04122394710690793,-0.07425443163977116,37
732,0.04177220594422675,-0.07582648881407034,37
733,0.04261011325506775,-0.07387824568882156,37
734,0.04261011325506775,-0.07387824568882156,37
735,0.04533307868797337,-0.07369655619476902,37
736,0.04617098599881436,-0.07174831306952023,37
737,0.04801672787910742,-0.07293763158590787,37
738,0.04741954530077366,-0.06935180421674063,37
739,0.048267060110858004,-0.06884009617155133,37
740,0.05193627408067599,-0.06700533381661623,37
741,0.05282310513253191,-0.06707086088623551,37
742,0.05650542451627376,-0.06542851023623658,37
743,0.05466929013522405,-0.06567572679990842,37
744,0.05531367102948859,-0.062181637328208236,37
745,0.05285719803453884,-0.059798532340431886,37
746,0.05581300612579249,-0.06173992430763933,38
747,0.0553630378929026,-0.06161095492036158,38
748,0.056040182321976786,-0.058597894711001845,38
749,0.05662775740106719,-0.06074718700010955,38
750,0.05657228095309033,-0.058637210952773425,38
751,0.056806009856236545,-0.055591387208604015,38
752,0.05724942538216451,-0.05562415074341366,38
753,0.0577487604784684,-0.05518243772284477,38
754,0.05988415083228363,-0.05285145593968447,38
755,0.05991691436709328,-0.05333248520202495,38
756,0.059723831072915914,-0.04920218625285879,38
757,0.059844834590512055,-0.05227422082487588,38
758,0.06119823720386223,-0.0514170056115858,38
759,0.061142760755885386,-0.04930702956424966,38
760,0.06112615742728102,-0.05035874123443677,38
761,0.06016724659884387,-0.04923494978766843,38
762,0.06112615742728102,-0.05035874123443677,38
763,0.06158617628181333,-0.04933979309905931,38
764,0.067042157769267,-0.04782849658829894,38
765,0.06242408359265432,-0.047391549973810516,38
766,0.0668394669758463,-0.0422616625590733,39
767,0.06891282817472275,-0.037724498876108736,39
768,0.07022691454630134,-0.03629004854801009,39
769,0.06905698772788518,-0.039841027630406825,39
770,0.06948424304760786,-0.038341050232688884,39
771,0.07162968402306552,-0.03486215092687334,39
772,0.0702435178749057,-0.03523833687782295,39
773,0.0713806811585122,-0.03120632853308574,39
774,0.07182409668444018,-0.031239092067895383,39
775,0.07184070001304452,-0.030187380397708283,39
776,0.07325962969601399,-0.03029222370909915,39
777,0.07217271952061968,-0.028584644440560303,39
778,0.07404161743647905,-0.028818457139228936,39
779,0.07359820191055108,-0.028785693604419287,39
780,0.07435747673784893,-0.025682980249553383,39
781,0.07402545723027376,-0.027285716206701328,39
782,0.07515606780691834,-0.02315750200949603,39
783,0.07334264633903584,-0.025033665358163575,39
784,0.07474541581580005,-0.02360576773702686,39
785,0.07508398803033714,-0.02209923763234699,39
786,0.07497914471894626,-0.020559943992857457,40
787,0.07595465887598776,-0.02063202376943868,40
788,0.07629323109052485,-0.01912549366475881,40
789,0.07490706494236504,-0.01950167961570842,40
790,0.07800180924701648,-0.01571003667660174,40
791,0.08021932999905534,-0.013289401747935255,40
792,0.08130624017444966,-0.0149969810164741,40
793,0.07924864312389164,-0.004219840788086619,40
794,0.08042379328207244,-0.00851842536630211,40
795,0.07806211297687113,-0.008822531540670489,40
796,0.07928140665870129,-0.004700870050427096,40
797,0.07969205864981958,-0.004252604322896279,40
798,0.0800079179511895,-0.0011171274332207048,40
799,0.0776790011807978,-0.0019022628699295677,40
800,0.07902585108718604,-0.000948841804171402,40
801,0.07880961175744237,0.002225951327275731,40
802,0.08065579676013453,0.0036210854136028148,40
803,0.07982444215625548,0.0015766364358859447,40
804,0.07814340419480882,0.005529713846000629,40
805,0.07991750942091977,0.007983112309476754,40
806,0.07864273929111273,0.005971426866569509,41
807,0.07801584797025074,0.008697954270485815,41
808,0.07891928235071105,0.009684138871053634,41
809,0.07978995319636167,0.011151352733961947,41
810,0.07827578770124469,0.011358954604782825,41
811,0.078735806555777,0.012377902740160304,41
812,0.0781482314766866,0.014527195029268029,41
813,0.08039851576353513,0.016466800695594037,41
814,0.07645408810131613,0.0186726841443189,41
815,0.07702550297420124,0.018056132787738766,41
816,0.07642132456650647,0.019153713406659372,41
817,0.0758665130222257,0.020821976433426644,41
818,0.0798581390003755,0.025696009825569237,41
819,0.07486828595201699,0.022523002995003524,41
820,0.07658647160775196,0.024501924903101137,41
821,0.07279930891261926,0.024398867892591707,41
822,0.07401860259444942,0.02852052938283505,41
823,0.07259967291147996,0.028625372694225916,41
824,0.07178930579568395,0.034045663967248924,41
825,0.07084655517345209,0.033636714481489666,41
826,0.06966485230830935,0.03803150491217325,42
827,0.07276481995272546,0.0339735841906677,42
828,0.07064691917231279,0.03786321928312389,42
829,0.0702589800943617,0.035786006770597394,42
830,0.06959277253172814,0.039089769289322285,42
831,0.06857794213291507,0.03973908418071207,42
832,0.06787897103547186,0.043523875961777425,42
833,0.06614418205113252,0.04049324238349271,42
834,0.06464661988461991,0.041752555924500695,42
835,0.06535041826394086,0.04696524532670277,42
836,0.06398696502894825,0.044960112590757495,42
837,0.06320936144796191,0.04989937460143999,42
838,0.06088699738453215,0.04901803331226305,42
839,0.06103770964465652,0.04680529870549684,42
840,0.06473618923460366,0.046914908422968186,42
841,0.05901460155399229,0.04800772263580837,42
842,0.05874288577627178,0.05329249181459166,42
843,0.05672982830724997,0.05564283326755834,42
844,0.05634188922929888,0.05356562075503184,42
845,0.054512307555211095,0.05322219833889188,42
846,0.054328831760277065,0.05591596220799851,43
847,0.056690512065478406,0.0562200683823669,43
848,0.05130094389244219,0.05891561855235502,43
849,0.05122886411586098,0.05997388292950405,43
850,0.04969853841453871,0.06171422573285257,43
851,0.04886718381065966,0.05966977675513567,43
852,0.04825689581840205,0.0634480158292391,43
853,0.047209301884779314,0.06457835998296935,43
854,0.045091401104366644,0.06846799507542559,43
855,0.04390487095734613,0.06386530432284172,43
856,0.043737998491016485,0.06761077986213551,43
857,0.04242391211943788,0.06617632953403688,43
858,0.04137631818581515,0.06730667368776712,43
859,0.03954673651172738,0.06696325127162717,43
860,0.037474261557649116,0.06759499279409201,43
861,0.034774009037910704,0.06578435651504377,43
862,0.03560536364178976,0.0678288054927606,43
863,0.03421919749362995,0.06745261954181102,43
864,0.03165788118728932,0.07137501816907688,43
865,0.03126994210933822,0.06929780565655035,43
866,0.030787210341638685,0.06990780430616861,44
867,0.030199635262548277,0.07205709659527633,44
868,0.027749714974560448,0.07434399573058456,44
869,0.029384883987273593,0.07106435928774658,44
870,0.024461887375731645,0.07468265174064408,44
871,0.021761634855993233,0.07287201546159577,44
872,0.020386848696673125,0.08139710484144552,44
873,0.019177605636485393,0.07842336087385737,44
874,0.021689555079411997,0.07393027983874487,44
875,0.01678316179647442,0.07860028396182947,44
876,0.015961857814237798,0.07770375250676781,44
877,0.014027432828759158,0.07889962373011736,44
878,0.014809420569224189,0.08037339029998757,44
879,0.010772368764739984,0.07875725047783635,44
880,0.010187405355531906,0.07698176093663797,44
881,0.007326833076425766,0.07882039434441541,44
882,0.00801269875994512,0.07522801426828622,44
883,0.005546618265752014,0.0790476543361221,44
884,0.004298058963792706,0.0766511454833425,44
885,0.004232531894173407,0.07761320400802346,44
886,0.0027253622284174536,0.08030905262909094,45
887,0.0014768029264581456,0.07791254377631135,45
888,-0.0014230855944195736,0.08032841229889731,45
889,-0.003108507715344898,0.07786846112845928,45
890,-0.004373227223509475,0.07700469320820727,45
891,-0.006790383976687658,0.07881056308117504,45
892,-0.009884685158940008,0.07760337274478304,45
893,-0.008708205633561943,0.08105814597471173,45
894,-0.010311940478662702,0.07610339534706513,45
895,-0.009256464470880764,0.0826302031490109,45
896,-0.012164235065917677,0.07738891971592088,45
897,-0.013503202898146712,0.08409265060583868,45
898,-0.01656474054558943,0.08240443100710625,45
899,-0.015265532077531053,0.07369348262928226,45
900,-0.017111273957824115,0.07488280114566993,45
901,-0.01902254290773646,0.07703417818673848,45
902,-0.01854636384699886,0.07652038538958837,45
903,-0.021575137959631924,0.07435113652851547,45
904,-0.023453643374734618,0.07602148430724355,45
905,-0.026104529031059018,0.07478153043604194,45
906,-0.02508009113300259,0.07269568046459267,46
907,-0.027369248539223602,0.07391776251578992,46
908,-0.029625642410634957,0.07465881530464673,46
909,-0.029077383573316136,0.07308675813034755,46
910,-0.03146177679168467,0.07441159874097486,46
911,-0.033508484040314285,0.07207406425085261,46
912,-0.03419434972383363,0.07566644432698182,46
913,-0.035524596301617514,0.07576473493141075,46
914,-0.03687799891496769,0.07490751971812067,46
915,-0.038592686656022154,0.0741727211851464,46
916,-0.04045286331743633,0.06780109359832608,46
917,-0.038826415559168374,0.071126897440977,46
918,-0.041887953206611074,0.06943867784224457,46
919,-0.039557311011135264,0.061130126243217904,46
920,-0.043008513161613214,0.06645838116769442,46
921,-0.04315050416729242,0.062065675488971704,46
922,-0.03906497174419237,0.059083592513540194,46
923,-0.04184646841735627,0.062352208294415165,46
924,-0.04410286228876763,0.06309326108327196,46
925,-0.046566774235477504,0.06040366671808698,46
926,-0.046041671433724986,0.05787610372606882,47
927,-0.048298065305136334,0.058617156514925606,47
928,-0.048232538235517035,0.05765509799024464,47
929,-0.04997343680441922,0.05730512286714276,47
930,-0.049530021278491265,0.05727235933233311,47
931,-0.04966762812469178,0.0592926822341631,47
932,-0.049530021278491265,0.05727235933233311,47
933,-0.049803066423409065,0.0548037707029723,47
934,-0.05008266427528879,0.05243138792607957,47
935,-0.05185632637900062,0.052562442065318155,47
936,-0.05292008051882863,0.055225527151576,47
937,-0.053839675105494186,0.05577208348353575,47
938,-0.05316036212893678,0.05227590925987471,47
939,-0.054490608706720664,0.052374199864303646,47
940,-0.05630358705220406,0.053082489118350784,47
941,-0.05515070668479137,0.05299730392784572,47
942,-0.05519307771884437,0.054914868270245686,47
943,-0.056695024044835673,0.049761153230701016,47
944,-0.0540935052519253,0.05043042469405596,47
945,-0.058370395544118575,0.04844911958291819,47
946,-0.059733405656712084,0.049028439449687586,48
947,-0.06070192398439257,0.051588765976515426,48
948,-0.06397753241409573,0.04656610507620929,48
949,-0.06356688042297741,0.04701437080374013,48
950,-0.0665558951714398,0.04685233943057332,48
951,-0.06405921968992029,0.04906090453341783,48
952,-0.06849992765616181,0.049484745733982385,48
953,-0.06744272622329572,0.04691786650019261,48
954,-0.06909188689473089,0.045221009442537395,48
955,-0.06994595441177717,0.044805507249816204,48
956,-0.07121067391994174,0.0439417393295642,48
957,-0.07114514685032244,0.04297968080488325,48
958,-0.07349983132616275,0.045163821380761464,48
959,-0.07451904588445454,0.03940010769159856,48
960,-0.0753731134015008,0.038984605498877375,48
961,-0.07445351881483524,0.03843804916691759,48
962,-0.0753731134015008,0.038984605498877375,48
963,-0.0755806314767993,0.0355539583448356,48
964,-0.07588949494880816,0.034906728205406676,48
965,-0.07790999136959006,0.03218437030541207,48
966,-0.0775976299829007,0.03407572381996432,49
967,-0.07695763324811486,0.03115678471111181,49
968,-0.07773962098857992,0.029683018141241576,49
969,-0.07927955418914552,0.03285989602464957,49
970,-0.07897812966889678,0.028434426811117203,49
971,-0.07366719397940372,0.026893346870746213,49
972,-0.0781895892214698,0.029811987528519327,49
973,-0.07709962425379407,0.02676407903238907,49
974,-0.0796194557708799,0.02360000811182558,49
975,-0.07954737599429867,0.022541743734676517,49
976,-0.07951461245948903,0.02206071447233604,49
977,-0.07856225433801382,0.0210331288780358,49
978,-0.07678203952734006,0.020805868886329126,49
979,-0.08119653666573384,0.02084488667702132,49
980,-0.0792088037797616,0.024048273839356406,49
981,-0.0788746157247032,0.01914177536348355,49
982,-0.08099340274991401,0.017862505250510356,49
983,-0.08255954677832736,0.021424206543790725,49
984,-0.0810589298195333,0.01882456377519131,49
985,-0.08037961684297591,0.015328389551530246,49
986,-0.08122407686077884,0.013476352278749555,50
987,-0.08272513694197198,0.013491542444634276,50
988,-0.08310302539828061,0.012562247454762976,50
989,-0.08166793550910588,0.010924663210844496,50
990,-0.08291649481106517,0.008528154358064914,50
991,-0.08285096774144589,0.007566095833383961,50
992,-0.08381948606912638,0.010126422360211773,50
993,-0.0799807879630964,0.004290927345547028,50
994,-0.08350190134267234,0.00416821221415184,50
995,-0.08234202514589864,0.006571273773893362,50
996,-0.08398463311037188,0.0047782108637700466,50
997,-0.08337084720343377,0.00224409516478994,50
998,-0.07765886702206576,0.0025878160320092908,50
999,-0.08278021733206195,-0.001245526351909186,50
1000,-0.07956491263221344,-0.003110370587534335,50
1001,-0.0849645314268921,-0.001562737940201439,50
1002,-0.0815526455181857,-0.006313757749869434,50
1003,-0.08142159137894713,-0.00823787479923133,50
1004,-0.08117475706187705,-0.005384462759998137,50
1005,-0.08271907442192133,-0.008620613457142871,50
1006,-0.08186500690487507,-0.008205111264421687,51
1007,-0.08218436412092547,-0.012584711529220537,51
1008,-0.08272607025128237,-0.011108860207389465,51
1009,-0.08346568695769442,-0.014500191119659684,51
1010,-0.08091309190579896,-0.011817149461436638,51
1011,-0.08152165447297242,-0.017132597423068732,51
1012,-0.08066758695592617,-0.016717095230347555,51
1013,-0.08059550717934494,-0.017775359607496592,51
1014,-0.07964314905786973,-0.01880294520179683,51
1015,-0.0789149123402974,-0.024312889620325975,51
1016,-0.07944001514204992,-0.021785326628307785,51
1017,-0.07807045232249446,-0.022460852347545295,51
1018,-0.07795600151186026,-0.025436681067094298,51
1019,-0.07601196902713825,-0.02806908737050337,51
1020,-0.07232048526655216,-0.030447724403278614,51
1021,-0.07552923725943872,-0.02867908602012157,51
1022,-0.07314178924878877,-0.03134425585834026,51
1023,-0.07126328383368608,-0.0330146036370684,51
1024,-0.07213395467933671,-0.03448181749997668,51
1025,-0.07122396759191449,-0.033591838751876955,51
1026,-0.07050750692106875,-0.031156013657325787,52
1027,-0.06475753986512643,-0.03914288571305911,52
1028,-0.07338207085889692,-0.03429387375004158,52
1029,-0.06924717157238283,-0.03670527431762646,52
1030,-0.06907680119137269,-0.03920662648179696,52
1031,-0.06924717157238283,-0.03670527431762646,52
1032,-0.06841409154341964,-0.04375451237564513,52
1033,-0.0667483275433801,-0.04100594364780279,52
1034,-0.06442640660234947,-0.042709054961340566,52
1035,-0.06469945174726725,-0.04517764359070137,52
1036,-0.06394367483464991,-0.043319053610958766,52
1037,-0.0623613706000313,-0.04841349583676672,52
1038,-0.0600722131938103,-0.04963557788796399,52
1039,-0.058718810580460114,-0.048778362674673906,52
1040,-0.05916222610638808,-0.04874559913986426,52
1041,-0.05958948142611076,-0.050245576537582194,52
1042,-0.05662101104333234,-0.054963832812440556,52
1043,-0.05532352800035813,-0.05458109415452901,52
1044,-0.0551859211541576,-0.056601417056358995,52
1045,-0.0549128760092398,-0.05413282842699818,52
1046,-0.05222267411114383,-0.053470109670605157,53
1047,-0.049067673141149966,-0.062222459042161546,53
1048,-0.046477930394966165,-0.05360741806572625,53
1049,-0.04735254227769639,-0.05890320790647258,53
1050,-0.050311405161231476,-0.055621486711673725,53
1051,-0.04938964202708269,-0.0626772774766543,53
1052,-0.04781256113222873,-0.05992215604185004,53
1053,-0.04794799943094602,-0.06441106757304087,53
1054,-0.04402278676721369,-0.06374388086164674,53
1055,-0.04541856041461685,-0.06268353173253685,53
1056,-0.042702147688673156,-0.062405636386016185,53
1057,-0.042137728645149045,-0.06551043449284291,53
1058,-0.04078432603179888,-0.06465321927955284,53
1059,-0.04027538343625163,-0.06564804133904342,53
1060,-0.040203303659670404,-0.06670630571619249,53
1061,-0.039316472607814484,-0.06677183278581178,53
1062,-0.037503494262331086,-0.06748012203985893,53
1063,-0.036511819899084315,-0.06908494274896773,53
1064,-0.034222662492863286,-0.07030702480016503,53
1065,-0.03432750580425417,-0.0687677311606755,53
1066,-0.03190074155183263,-0.07201013611370277,54
1067,-0.032376920612570234,-0.07149634331655264,54
1068,-0.030909067188585847,-0.0736149568228116,54
1069,-0.027934044098845482,-0.07842941895013802,54
1070,-0.030008687600406987,-0.07128844299465237,54
1071,-0.027357801944082574,-0.07004848912345076,54
1072,-0.027204034891676793,-0.07360155295780833,54
1073,-0.02674401603714447,-0.07258260482243087,54
1074,-0.02474450710444562,-0.07732498717317608,54
1075,-0.02212638498293087,-0.07560400403963398,54
1076,-0.02011027272162765,-0.0792946747201921,54
1077,-0.022021541671539996,-0.07714329767912351,54
1078,-0.020313406637447462,-0.07631229329368114,54
1079,-0.018983160059663592,-0.07641058389811006,54
1080,-0.01896000402409728,-0.07545507808039105,54
1081,-0.016736373687495566,-0.07571510160690739,54
1082,-0.013898957443955726,-0.07850924083240385,54
1083,-0.0126014744009815,-0.07812650217449232,54
1084,-0.011133620976997112,-0.08024511568075124,54
1085,-0.011271227823197626,-0.07822479277892125,54
1086,-0.010870183331322666,-0.07633999197133093,55
1087,-0.008443419078901136,-0.07958239692435817,55
1088,-0.0074517447156543515,-0.08118721763346701,55
1089,-0.007041092724536041,-0.08073895190593618,55
1090,-0.005162587309433336,-0.08240929968466429,55
1091,-0.0024627779120940246,-0.08318311600833071,55
1092,-0.0032303308714379253,-0.07709593647499302,55
1093,-0.0031254875600470605,-0.07863523011448255,55
1094,-0.00029767881575057387,-0.0799928342599195,55
1095,-0.0010556242758511386,-0.0753421898066413,55
1096,0.0013711399765703944,-0.07858459475966856,55
1097,0.005988771030783994,-0.08160599397687168,55
1098,0.0035620067783624573,-0.07836358902384442,55
1099,0.005545355504856027,-0.08157323044206202,55
1100,0.005440512193465159,-0.08003393680257251,55
1101,0.0059726108245787175,-0.0800732530443441,55
1102,0.011750118075566026,-0.0806915907018057,55
1103,0.010114062818054704,-0.08258085946439708,55
1104,0.011635667264931808,-0.07771576198225666,55
1105,0.010315028186391278,-0.07905400645788721,55
1106,0.013376565833833988,-0.0773657868591548,56
1107,0.01348140914522486,-0.07890508049864431,56
1108,0.016132294801549252,-0.07766512662744271,56
1109,0.016132294801549252,-0.07766512662744271,56
1110,0.01883865690585051,-0.07853514880357725,56
1111,0.02102297100068066,-0.078217937215285,56
1112,0.020064060172243513,-0.07709414576851664,56
1113,0.02196572162291252,-0.07780898772952576,56
1114,0.023125597819686226,-0.0754059261697842,56
1115,0.02364109312219541,-0.07649695408174291,56
1116,0.02463276748544219,-0.07810177479085172,56
1117,0.02598661322119146,-0.07466010697484692,56
1118,0.028226846886397542,-0.07386841883117613,56
1119,0.029031990662428894,-0.07143914644358688,56
1120,0.03166627299014892,-0.07125090424257241,56
1121,0.03302928310274244,-0.07183022410934183,56
1122,0.03313412641413331,-0.07336951774883133,56
1123,0.03486541748379214,-0.07158300754566994,56
1124,0.039548575607625036,-0.07556646528755401,56
1125,0.03564740522425719,-0.07010924097579972,56
1126,0.03708904782039387,-0.07184303107218627,57
1127,0.03888586595967199,-0.07101857939370583,57
1128,0.03963509016532739,-0.06906378356149513,57
1129,0.04050576101097803,-0.06759656969858685,57
1130,0.041536751615996396,-0.0697786255225042,57
1131,0.044871334408356896,-0.06562181729441095,57
1132,0.04218113251026093,-0.06628453605080402,57
1133,0.04355069532981637,-0.0669600617700415,57
1134,0.04397795064953904,-0.06546008437232356,57
1135,0.04490409794316654,-0.06610284655675143,57
1136,0.04657946944244944,-0.06479081290896858,57
1137,0.04520990662289399,-0.06411528718973108,57
1138,0.04676427460458074,-0.059731218969931124,57
1139,0.04697396122736247,-0.06280980624891018,57
1140,0.04889661016611453,-0.05605990795917941,57
1141,0.05069342830539267,-0.05523545628069898,57
1142,0.05228055982188906,-0.05133241732323953,57
1143,0.05149857208142401,-0.052806183893109745,57
1144,0.05313462733893533,-0.05091691513051834,57
1145,0.0527632915895886,-0.05194241597285773,58
1146,0.055245975412386066,-0.05471034437050647,58
1147,0.05411014149597683,-0.050988994907099565,58
1148,0.05445526641747585,-0.04957867065488779,58
1149,0.05540762453895105,-0.050606256249188034,58
1150,0.05659065677129106,-0.04724768887172746,58
1151,0.05951675612001649,-0.05004838080418583,58
1152,0.05618000478017276,-0.047695954599258295,58
1153,0.061691462715603294,-0.0482946341358341,58
1154,0.05916946265103423,-0.044949470623376814,58
1155,0.057839216073250384,-0.044851180018947875,58
1156,0.05869328359029664,-0.044435677826226684,58
1157,0.060450785487803194,-0.04303399103293769,58
1158,0.06497056905998694,-0.042027849860404684,58
1159,0.06111832241763402,-0.03858439574351845,58
1160,0.06142413109736147,-0.03659683637649812,58
1161,0.06321439652967768,-0.035676178845549564,58
1162,0.06762889366807147,-0.03571519663624175,58
1163,0.06750789015047531,-0.03264316206422465,58
1164,0.06750789015047531,-0.03264316206422465,58
1165,0.0669203150713849,-0.03049386977511691,58
1166,0.06770230281184997,-0.02902010320524666,59
1167,0.06820163790815387,-0.028578390184677765,59
1168,0.06905570542520012,-0.02816288799195658,59
1169,0.06949912095112809,-0.02819565152676623,59
1170,0.06823573081016077,-0.021306061638874135,59
1171,0.06937156472657001,-0.025027411102281027,59
1172,0.06985429649426954,-0.02563740975189926,59
1173,0.0721993734708665,-0.026385015247717983,59
1174,0.07076561294888904,-0.016994073195655424,59
1175,0.07081453668990395,-0.01900784339052347,59
1176,0.0717966035539074,-0.019176129019572784,59
1177,0.07172452377732619,-0.018117864642423754,59
1178,0.07403683721911347,-0.018384440875901995,59
1179,0.0743199329856737,-0.014767934723885965,59
1180,0.07652740311607016,-0.01349521731787471,59
1181,0.07144275737796321,-0.013981012986295668,59
1182,0.073272339052051,-0.013637590570155712,59
1183,0.07323957551724133,-0.013156561307815243,59
1184,0.07449818544084309,-0.009612134932380424,59
1185,0.07557593123939313,-0.00729872651814506,59
1186,0.07575418369456251,-0.0021429267266395158,60
1187,0.07495559262549308,-0.004668404966696849,60
1188,0.07575418369456251,-0.0021429267266395158,60
1189,0.07619759922049046,-0.002175690261449169,60
1190,0.07657548767679914,-0.0012463952715778548,60
1191,0.07692411051297865,0.0014080523557572222,60
1192,0.07596519968454152,0.002531843802525569,60
1193,0.07726268272751574,0.002914582460437104,60
1194,0.07634308814085018,0.0034611387923968763,60
1195,0.07662618390741043,0.00707764494441291,60
1196,0.0765541041308292,0.008135909321561947,60
1197,0.075855133033386,0.011920701102627312,60
1198,0.07623302148969466,0.012849996092498605,60
1199,0.07612162547134185,0.014485495584456207,60
1200,0.07728061542331739,0.011719651938768328,60
1201,0.07475861535874835,0.015064815451225625,60
1202,0.07501855508974228,0.017725815785522667,60
1203,0.07351138542398632,0.020421664406590143,60
1204,0.07347206918221474,0.020998899521398728,60
1205,0.07299589012147714,0.021512692318548854,61
1206,0.07299589012147714,0.021512692318548854,61
1207,0.07654976703586273,0.02115437818760357,61
1208,0.07077270290727451,0.02435716844777986,61
1209,0.07108856220864439,0.02749264533745544,61
1210,0.07128952757698095,0.031019498343965286,61
1211,0.07059577981930241,0.026954726464418453,61
1212,0.07039614381816311,0.03118123126605267,61
1213,0.0705075398365159,0.029545731774095068,61
1214,0.06838963905610325,0.03343536686655131,61
1215,0.06880029104722156,0.03388363259408213,61
1216,0.06673175713022289,0.038343950094384995,61
1217,0.06644866136366268,0.03472744394236894,61
1218,0.06586108628457228,0.036876736231476706,61
1219,0.06680383690680412,0.037285685717235964,61
1220,0.066006575204932,0.0425135652853227,61
1221,0.0645810928150006,0.042714614449181655,61
1222,0.06537968388407003,0.04524009268923903,61
1223,0.06300184337266342,0.046468727447398224,61
1224,0.06168120429412288,0.04513048297176766,61
1225,0.06147151767134114,0.04820907025074668,61
1226,0.05928676045411191,0.045307406059739756,62
1227,0.059779542843453895,0.045845324932776745,62
1228,0.05945846020231935,0.050559411703713406,62
1229,0.05886344617146883,0.04763600463985984,62
1230,0.05548737858985354,0.05056566595959592,62
1231,0.05488320018215874,0.051663246578516585,62
1232,0.05483427644114382,0.05367701677338463,62
1233,0.05250535967075212,0.05289188133667577,62
1234,0.05437425758661149,0.052658068638007184,62
1235,0.05037129868413421,0.0583142573616596,62
1236,0.05041061492590578,0.05773702224685098,62
1237,0.048508953475236774,0.05845186420786011,62
1238,0.04834863371586905,0.06210113389468576,62
1239,0.04699523110251888,0.061243918681395684,62
1240,0.045898713427881224,0.06438803302999405,62
1241,0.04571390826574992,0.05932843909095656,62
1242,0.043514320209512694,0.06571287364062132,62
1243,0.04157989522403405,0.06690874486397089,62
1244,0.0408481605917812,0.07117456590737672,62
1245,0.04065374793040656,0.06755150704839874,62
1246,0.039090658694274645,0.06977287911408772,63
1247,0.037688332339909536,0.07092943409566568,63
1248,0.036745581717677694,0.07052048460990645,63
1249,0.03813174786583749,0.07089667056085604,63
1250,0.03367749136327304,0.06892847086364208,63
1251,0.031815146154375626,0.06906607770984259,63
1252,0.03129965085186645,0.07015710562180127,63
1253,0.03037350355823896,0.07079986780622913,63
1254,0.029673203093598492,0.06683130177915039,63
1255,0.027657090832295266,0.07052197245970845,63
1256,0.027657090832295266,0.07052197245970845,63
1257,0.02453790818939247,0.077452963341333,63
1258,0.02233043805899603,0.07618024593532174,63
1259,0.021476370541949754,0.07576474374260056,63
1260,0.020888795462859353,0.07791403603170832,63
1261,0.01861579826284362,0.07760337715037802,63
1262,0.01861579826284362,0.07760337715037802,63
1263,0.015311810457809525,0.07947477409296506,63
1264,0.015634222466141337,0.08251404513017249,63
1265,0.014168094467241085,0.07553897160069596,64
1266,0.011291361981929676,0.07891034594100094,64
1267,0.009422464066070314,0.0791441586396696,64
1268,0.008874205228751493,0.08071621581396876,64
1269,0.008470105944595109,0.08017174423396983,64
1270,0.007861100255022554,0.07227184366962301,64
1271,0.0054670995374106746,0.07503321936030978,64
1272,0.0032434692008089516,0.07529324288682616,64
1273,0.0021535042331332285,0.07834115138295639,64
1274,0.0016052453958144003,0.07991320855725556,64
1275,0.0005598200096749162,0.074534318277965,64
1276,-0.0013186854054277886,0.07620466605669311,64
1277,0.0014794145963404753,0.07398776194600526,64
1278,-0.00403465500897239,0.07851122331288712,64
1279,-0.005661102767240356,0.07518541947023623,64
1280,-0.008087867019661885,0.07842782442326349,64
1281,-0.008360912164579685,0.07595923579390268,64
1282,-0.007644451493733932,0.07839506088845384,64
1283,-0.008668889391790363,0.08048091085990318,64
1284,-0.007644451493733932,0.07839506088845384,64
1285,-0.013389195209911588,0.07853236928357499,64
1286,-0.012906463442212059,0.07792237063395678,65
1287,-0.014686678252885822,0.07814963062566346,65
1288,-0.016926911918091904,0.07735794248199265,65
1289,-0.01969880109201245,0.07919002318280814,65
1290,-0.02052010507424908,0.0782934917277465,65
1291,-0.0178111313000655,0.07349868772130587,65
1292,-0.0207577750144749,0.07141909200573911,65
1293,-0.022120785127068415,0.07199841187250851,65
1294,-0.021430535284070382,0.07481906037693208,65
1295,-0.02352311148143351,0.0731549668540865,65
1296,-0.02440994253328943,0.07322049392370578,65
1297,-0.0269883052906335,0.07350672827806981,65
1298,-0.02637451938369539,0.07097261257908971,65
1299,-0.02761302806401226,0.0697240212489653,65
1300,-0.028154734194369153,0.07119987257079638,65
1301,-0.030887307126518125,0.0724547181568033,65
1302,-0.032184790169492355,0.0720719794988918,65
1303,-0.03300609415172897,0.07117544804383015,65
1304,-0.032398860951752775,0.06873753819731812,65
1305,-0.0351410413831451,0.07142891886338454,65
1306,-0.03647784066789089,0.07162341532028155,66
1307,-0.03914488653042058,0.07191620238160752,66
1308,-0.03815321216717379,0.07031138167249872,66
1309,-0.03945069521014802,0.06992864301458719,66
1310,-0.04119814648601214,0.06967487374395338,66
1311,-0.039254114001290134,0.06704246744054433,66
1312,-0.044318215373713124,0.0714369594201485,66
1313,-0.045386353673019825,0.06768701592585362,66
1314,-0.0442081487225576,0.06204810212004677,66
1315,-0.04492022523392466,0.06602530560604832,66
1316,-0.045544948007303396,0.0622425985769438,66
1317,-0.045988363533231345,0.062275362111753454,66
1318,-0.04653006966358825,0.06375121343358453,66
1319,-0.047598207962894955,0.06000126993928967,66
1320,-0.0470892653673477,0.059006447879799064,66
1321,-0.04774675167553609,0.055704770113035026,66
1322,-0.04911631449509154,0.05638029583227253,66
1323,-0.04997998951138115,0.057401328719610845,66
1324,-0.05014380718542939,0.05980647503131323,66
1325,-0.052170856313173225,0.05718032298378674,66
1326,-0.05185849492648386,0.059071676498338985,67
1327,-0.051596386648006684,0.05522344239961519,67
1328,-0.05187598449988641,0.05285105962272247,67
1329,-0.05238492709543366,0.05384588168221305,67
1330,-0.0525487447694819,0.056251027993915445,67
1331,-0.04980656433808957,0.053559647327848965,67
1332,-0.0535937270332223,0.0534565903173396,67
1333,-0.051908748034696056,0.05333208888506294,67
1334,-0.05588288443944331,0.05467867236853686,67
1335,-0.057091684377231944,0.0542893810036634,67
1336,-0.0583301930575488,0.053040789673539,67
1337,-0.060080699125694345,0.05412734963049661,67
1338,-0.05435911144508297,0.053034535417656486,67
1339,-0.05992648895088945,0.05315873839885371,67
1340,-0.058964523330170895,0.05069461772449398,67
1341,-0.061092917854625096,0.050851882691580294,67
1342,-0.06151012255270534,0.05049982281651754,67
1343,-0.06237379756899495,0.05152085570385585,67
1344,-0.06440084669673879,0.04889470365632939,67
1345,-0.06611858923007467,0.04950023435094651,67
1346,-0.06762881368811206,0.05353641219960541,68
1347,-0.06776774990150986,0.04780337729329128,68
1348,-0.06862181741855612,0.04738787510057008,68
1349,-0.07065847404554332,0.04619825813310306,68
1350,-0.07154530509739923,0.046263785202722355,68
1351,-0.0722189516117929,0.044494848368485905,68
1352,-0.07169384881004037,0.04196728537646771,68
1353,-0.07035399473301315,0.04043245969197928,68
1354,-0.07345090758514783,0.04315005118589341,68
1355,-0.07506730472177335,0.0409721648658977,68
1356,-0.0761450505203234,0.03865875645166239,68
1357,-0.07655570251144171,0.03821049072413156,68
1358,-0.07377115104599641,0.03360154571566512,68
1359,-0.07672740225964916,0.03295848508015789,68
1360,-0.07349155319411668,0.035973928492557865,68
1361,-0.07598473076095569,0.03500948676483669,68
1362,-0.07677982391534459,0.03372813189990265,68
1363,-0.07716731987089662,0.034235371990090836,68
1364,-0.07712494883684362,0.03231780764769086,68
1365,-0.07683007702355679,0.027988544286626612,68
1366,-0.077782435145032,0.02901612988092686,69
1367,-0.0777169080754127,0.028054071356245908,69
1368,-0.077782435145032,0.02901612988092686,69
1369,-0.07749411603870711,0.02478307237233066,69
1370,-0.07720796547986546,0.0270592492967553,69
1371,-0.07831542002094374,0.023886540917269005,69
1372,-0.07777371389058683,0.02241068959543793,69
1373,-0.07697862073619793,0.02369204446037198,69
1374,-0.07831542002094374,0.023886540917269005,69
1375,-0.0776330522521049,0.019050037466016544,69
1376,-0.07818436588170516,0.021962423867907102,69
1377,-0.07787988656917497,0.016196625426783337,69
1378,-0.07919352981835448,0.017346627701399407,69
1379,-0.07937483706580528,0.013531157137485247,69
1380,-0.08067232010877949,0.013148418479573709,69
1381,-0.08032719518728049,0.01455874273178549,69
1382,-0.0814018861935491,0.010905005089958716,69
1383,-0.08217382331237172,0.010579156042743718,69
1384,-0.08131320308836353,0.010898452382996783,69
1385,-0.08169764425163412,0.010065363245593595,70
1386,-0.0784137576898849,0.005898131257696108,70
1387,-0.07987505840690735,0.007920538911486918,70
1388,-0.081083858344696,0.007531247546613454,70
1389,-0.08225683995539357,0.005320597691808128,70
1390,-0.08212578581615496,0.0033964806424462354,70
1391,-0.08317643454205913,0.00586715402376789,70
1392,-0.08212578581615496,0.0033964806424462354,70
1393,-0.08139316493910395,0.004299564804469816,70
1394,-0.08068108842773687,0.0003223613184682797,70
1395,-0.08112450395366483,0.00035512485327793275,70
1396,-0.08105897688404554,-0.0006069336714030274,70
1397,-0.08099344981442624,-0.0015689921960839806,70
1398,-0.07996595712408841,-0.004995171395124669,70
1399,-0.07911188960704213,-0.004579669202403477,70
1400,-0.0803766091152067,-0.005443437122655485,70
1401,-0.08011450083672954,-0.009291671221379291,70
1402,-0.07874188322489267,-0.011307526168208203,70
1403,-0.07823294062934544,-0.012302348227698798,70
1404,-0.0790214810767724,-0.013679908945100933,70
1405,-0.08005247168179076,-0.011497853121183545,70
1406,-0.0808082485944081,-0.013356443100926159,71
1407,-0.0791328770951252,-0.01204440945314332,71
1408,-0.07501152634493409,-0.016847850918506747,71
1409,-0.07889392485221433,-0.016848149369586132,71
1410,-0.07742607142822994,-0.01896676287584506,71
1411,-0.0764903166353591,-0.021046060140332435,71
1412,-0.07650647684156438,-0.01951331920780483,71
1413,-0.07694989236749232,-0.01948055567299518,71
1414,-0.07502901591833663,-0.02306846779412328,71
1415,-0.07176040331799452,-0.020534053644063754,71
1416,-0.07451046582354603,-0.025499824933673344,71
1417,-0.07297708532994235,-0.02858049696461324,71
1418,-0.07225407195213467,-0.02624087772253016,71
1419,-0.07125279008964454,-0.029282233511698466,71
1420,-0.07056254024664652,-0.026461585007274906,71
1421,-0.06752548800196737,-0.03348222903440559,71
1422,-0.06584356379572255,-0.03226640123909086,71
1423,-0.06704275623426782,-0.034092227684023826,71
1424,-0.06796890352789532,-0.033449465499595946,71
1425,-0.06612316164760228,-0.03463878401598359,71
1426,-0.06654036634568253,-0.034990843891046314,72
1427,-0.06729614325829984,-0.03684943387078893,72
1428,-0.06647483927606322,-0.03595290241572726,72
1429,-0.0652428833027083,-0.03460810523313478,72
1430,-0.0630533458681135,-0.04214045730545475,72
1431,-0.06257716680737588,-0.042654250102604874,72
1432,-0.06159204515109103,-0.0441628649592456,72
1433,-0.05994288447965585,-0.042466007901590365,72
1434,-0.0589809188589373,-0.04493012857595011,72
1435,-0.05531259113391749,-0.04826427142644439,72
1436,-0.05798924449569052,-0.04653494928505894,72
1437,-0.05251449113214923,-0.050481175537132265,72
1438,-0.05544364527315608,-0.04634015437708249,72
1439,-0.05504393014847839,-0.05220871137763629,72
1440,-0.053434085718814785,-0.0499346192051725,72
1441,-0.0524655673911343,-0.05249494573200035,72
1442,-0.04760459993453113,-0.05390705628509356,72
1443,-0.05062637821780318,-0.05358805839591989,72
1444,-0.048803792373076416,-0.05573288273002652,72
1445,-0.048255533535757594,-0.05730493990432568,73
1446,-0.05001214918846597,-0.053537721492185275,73
1447,-0.04902047482521918,-0.05514254220129411,73
1448,-0.04947044305810908,-0.05501357281401635,73
1449,-0.046481428309646675,-0.05485154144084958,73
1450,-0.04535869980716131,-0.058380479199320295,73
1451,-0.045555281016019175,-0.055494303625277436,73
1452,-0.04470121349897292,-0.05507880143255625,73
1453,-0.04244481962756155,-0.05581985422141305,73
1454,-0.04226484174730804,-0.05975774146564303,73
1455,-0.04073146125370435,-0.0628384134965829,73
1456,-0.03981186666703879,-0.06338496982854266,73
1457,-0.036832459417819735,-0.061786403375316386,73
1458,-0.03779137024625688,-0.060662611928548056,73
1459,-0.03761139236600337,-0.064600499172778,73
1460,-0.035420525564211304,-0.06437949343695389,73
1461,-0.03433056059653559,-0.06742740193308411,73
1462,-0.030356424191788325,-0.06877398541655802,73
1463,-0.03148876019351704,-0.06380851257802783,73
1464,-0.026802547277402736,-0.06913229954750331,73
1465,-0.029052388441852168,-0.06848745261111461,73
1466,-0.029873249301689712,-0.06679953146346156,74
1467,-0.02881604786882363,-0.0693664106972513,74
1468,-0.029161172790322643,-0.07077673494946309,74
1469,-0.027929216816967715,-0.06943193776687061,74
1470,-0.0256400594107467,-0.0706540198180679,74
1471,-0.024440866972201408,-0.06882819337313494,74
1472,-0.022956853342011745,-0.07247954781192144,74
1473,-0.020257043944672426,-0.0732533641355879,74
1474,-0.01933744935800686,-0.07379992046754767,74
1475,-0.018828506762459608,-0.07479474252703826,74
1476,-0.018007202780222987,-0.07389821107197661,74
1477,-0.015734648702606338,-0.07617200479336099,74
1478,-0.014857425149993778,-0.0748009967829208,74
1479,-0.014371638590012822,-0.07675132466013039,74
1480,-0.013149290115901238,-0.07396999239747845,74
1481,-0.010570927358557154,-0.07425622675184247,74
1482,-0.0077007475802076675,-0.0775313952396794,74
1483,-0.00815071581309755,-0.07740242585240165,74
1484,-0.0062888137265992225,-0.08012448530131688,74
1485,-0.0028821511576574976,-0.07702594145037264,74
1486,-0.0037266111754604148,-0.07887797872315333,75
1487,-0.003640539740157149,-0.07495974959980915,75
1488,-0.0022775296275636334,-0.07553906946657857,75
1489,1.1627778657381793e-05,-0.07676115151777584,75
1490,0.004015472925932857,-0.07724843503599885,75
1491,0.003499977623423689,-0.07615740712404016,75
1492,0.0030237985626860794,-0.07564361432689004,75
1493,0.006232550555572647,-0.07741225271004709,75
1494,0.006271866797344219,-0.07798948782485565,75
1495,0.007875158520045895,-0.07561918979992378,75
1496,0.008012765366246413,-0.07763951270175376,75
1497,0.010821802234455294,-0.07353959408435701,75
1498,0.010033261787028323,-0.07491715480175913,75
1499,0.013587138701413915,-0.07527546893270443,75
1500,0.013110959640676306,-0.07476167613555429,75
1501,0.015367353512087682,-0.07550272892441111,75
1502,0.017551667606917818,-0.07518551733611885,75
1503,0.01885570335685397,-0.07489898453067542,75
1504,0.020393468009936352,-0.07156662798106259,75
1505,0.021483432977612075,-0.07461453647719284,75
1506,0.023296411323095484,-0.07532282573124,76
1507,0.02306051387246602,-0.07185941504238855,76
1508,0.026463235404328156,-0.07258944716928235,76
1509,0.026495998939137802,-0.07307047643162283,76
1510,0.027760718447302386,-0.07220670851137082,76
1511,0.029606460327595435,-0.07339602702775844,76
1512,0.03280998898071735,-0.06731510175030328,76
1513,0.03462296732620076,-0.06802339100435043,76
1514,0.0349519320414945,-0.06508032581961107,76
1515,0.03618388801484943,-0.06373552863701858,76
1516,0.03625902258371209,-0.06613412224175902,76
1517,0.03830267504006028,-0.06245625852404538,76
1518,0.04024670752478228,-0.06508866482745444,76
1519,0.04114009128360012,-0.06525039774954183,76
1520,0.040690123050710236,-0.06512142836226407,76
1521,0.04243757432657436,-0.06486765909163031,76
1522,0.04284822631769267,-0.06441939336409946,76
1523,0.04301642815121959,-0.060411511095249115,76
1524,0.0436577542532027,-0.05557709239595751,76
1525,0.04649517049674253,-0.058371231621453946,76
1526,0.04796740808020562,-0.05407681654716015,77
1527,0.04861395752195339,-0.05709196150848076,77
1528,0.047918484339190694,-0.05206304635229209,77
1529,0.05101933822840498,-0.050952061868368204,77
1530,0.05072313704792089,-0.05437615631544808,77
1531,0.051101025504229555,-0.053446861325576765,77
1532,0.05323641585804476,-0.05111587954241644,77
1533,0.052967754872605674,-0.047171439591224565,77
1534,0.05346053726194765,-0.04663352071818757,77
1535,0.05391050549483753,-0.046762490105465314,77
1536,0.05391050549483753,-0.046762490105465314,77
1537,0.05595721274346717,-0.04442495561534307,77
1538,0.056400628269395126,-0.04445771915015273,77
1539,0.05919567347888195,-0.0453342940332492,77
1540,0.05782611065932651,-0.04465876831401168,77
1541,0.05939663884721853,-0.04180744102673932,77
1542,0.057035401664416306,-0.039527094598392994,77
1543,0.05755089696692549,-0.040618122510351705,77
1544,0.05738052658591533,-0.03811677034618122,77
1545,0.05691878230629884,-0.030042031445823174,77
1546,0.059756198549838685,-0.03283617067131962,78
1547,0.05876669273407514,-0.037740584395231605,78
1548,0.059893805396039196,-0.03485649357314961,78
1549,0.058563558818255326,-0.03475820296872067,78
1550,0.05919177950631459,-0.029731372564492868,78
1551,0.06022277011133295,-0.031913428388410256,78
1552,0.05873176065178226,-0.030750320699870323,78
1553,0.06257484291729093,-0.030172787133982377,78
1554,0.06249315564146635,-0.02767798767677382,78
1555,0.062115267185157697,-0.02860728266664512,78
1556,0.06146216503644799,-0.025495931852856462,78
1557,0.06382340221925023,-0.027776278281202764,78
1558,0.06262204123322171,-0.02309287029311491,78
1559,0.06462854599528157,-0.02534700589361352,78
1560,0.061944896804147526,-0.026105930502474662,78
1561,0.06850483491799898,-0.022666048987351323,78
1562,0.06459578246047193,-0.024865976631273042,78
1563,0.06275964807942222,-0.02511319319494492,78
1564,0.06449093914908106,-0.02332668299178353,78
1565,0.0643860958376902,-0.021787389352293993,78
1566,0.06919725330848024,-0.02635463491594859,79
1567,0.06520956836741006,-0.027400092330253176,79
1568,0.06734495872122526,-0.025069110547092852,79
1569,0.06522400314853118,-0.019839146227045235,79
1570,0.06585394926167458,-0.023906002858552936,79
1571,0.06734279017374203,-0.01855987611407204,79
1572,0.06748039701994255,-0.020580199015902054,79
1573,0.0679238125458705,-0.020612962550711697,79
1574,0.06755247679652378,-0.02163846339305109,79
1575,0.06943098221162647,-0.02330881117177918,79
1576,0.06979271046172986,-0.020846775249380296,79
1577,0.0689875666856985,-0.02327604763696953,79
1578,0.06996308084274001,-0.023348127413550756,79
1579,0.07005920289968573,-0.01828198076755137,79
1580,0.07060746173700455,-0.01985403794185055,79
1581,0.07156637256544168,-0.020977829388618887,79
1582,0.0710740332984988,-0.018931295658941187,79
1583,0.07141260551303588,-0.017424765554261284,79
1584,0.06972063068514864,-0.01978851087223126,79
1585,0.07071230504839543,-0.02139333158134006,79
1586,0.0700985191414573,-0.018859215882359958,80
1587,0.0726139664990644,-0.022108173542349147,80
1588,0.07274940479778169,-0.017619262011158335,80
1589,0.07156637256544168,-0.020977829388618887,80
1590,0.0708971102105267,-0.01633373764230261,80
1591,0.0716856506579537,-0.014956176924900463,80
1592,0.06968786715033898,-0.019307481609890785,80
1593,0.07151744882442676,-0.018964059193750826,80
1594,0.07064677797877612,-0.02043127305665911,80
1595,0.07324218718712366,-0.017081343138121336,80
1596,0.0696485509085674,-0.0187302464950822,80
1597,0.0708971102105267,-0.01633373764230261,80
1598,0.07013128267626695,-0.019340245144700435,80
1599,0.07054193466738526,-0.018891979417169608,80
