,magX,magY,magZ,time
2900,-0.0635,0.2841,0.3277,0
2901,-0.0645,0.2831,0.3319,0
2902,-0.063,0.2835,0.3271,0
2903,-0.064,0.2809,0.3277,0
2904,-0.0645,0.2825,0.3283,0
2905,-0.064,0.2841,0.3265,1
2906,-0.0625,0.2835,0.3253,1
2907,-0.064,0.2841,0.3271,1
2908,-0.0635,0.2804,0.3283,1
2909,-0.0635,0.2809,0.3259,1
2910,-0.0635,0.2852,0.3259,1
2911,-0.0625,0.2809,0.3259,1
2912,-0.063,0.2814,0.3259,1
2913,-0.0651,0.2825,0.327,1
2914,-0.063,0.2825,0.3265,1
2915,-0.0599,0.2813,0.3261,1
2916,-0.0651,0.2836,0.3234,1
2917,-0.0614,0.2846,0.3272,1
2918,-0.0661,0.2831,0.3246,1
2919,-0.0666,0.2831,0.3252,1
2920,-0.0671,0.2831,0.3263,1
2921,-0.0692,0.2869,0.3244,1
2922,-0.0645,0.2836,0.3222,1
2923,-0.0702,0.2816,0.3238,1
2924,-0.0687,0.2821,0.3233,1
2925,-0.0697,0.2811,0.3256,2
2926,-0.0697,0.2821,0.3238,2
2927,-0.0713,0.2833,0.3237,2
2928,-0.0707,0.2848,0.3213,2
2929,-0.0712,0.2843,0.3213,2
2930,-0.0723,0.2801,0.3195,2
2931,-0.0739,0.2785,0.32,2
2932,-0.0744,0.2791,0.3188,2
2933,-0.0749,0.2796,0.3224,2
2934,-0.0739,0.2801,0.3158,2
2935,-0.0755,0.277,0.3194,2
2936,-0.078,0.2776,0.3162,2
2937,-0.0744,0.2775,0.3158,2
2938,-0.076,0.2791,0.3151,2
2939,-0.0755,0.2754,0.3169,2
2940,-0.0776,0.2744,0.3156,2
2941,-0.0781,0.2733,0.318,2
2942,-0.0755,0.2706,0.3151,2
2943,-0.075,0.2716,0.3176,2
2944,-0.0735,0.2694,0.3152,2
2945,-0.074,0.2716,0.317,2
2946,-0.0766,0.2685,0.3157,3
2947,-0.0776,0.2685,0.3157,3
2948,-0.0771,0.2706,0.3181,3
2949,-0.075,0.2695,0.3182,3
2950,-0.0761,0.2695,0.3169,3
2951,-0.0761,0.2684,0.3194,3
2952,-0.0771,0.2679,0.3193,3
2953,-0.0761,0.2695,0.3224,3
2954,-0.0776,0.2674,0.3217,3
2955,-0.0771,0.269,0.3205,3
2956,-0.0776,0.2706,0.3217,3
2957,-0.0792,0.2664,0.3223,3
2958,-0.0792,0.2675,0.3217,3
2959,-0.0807,0.2686,0.3264,3
2960,-0.0823,0.267,0.3258,3
2961,-0.0838,0.2676,0.3257,3
2962,-0.0838,0.2682,0.3275,3
2963,-0.0849,0.2682,0.3269,3
2964,-0.0828,0.2676,0.327,3
2965,-0.0864,0.2682,0.328,4
2966,-0.088,0.2688,0.3273,4
2967,-0.0884,0.2731,0.3297,4
2968,-0.089,0.2688,0.3255,4
2969,-0.0921,0.2705,0.3259,4
2970,-0.091,0.2721,0.3266,4
2971,-0.0895,0.2694,0.3279,4
2972,-0.0963,0.2675,0.327,4
2973,-0.0958,0.2653,0.3264,4
2974,-0.0984,0.2643,0.3263,4
2975,-0.0984,0.2638,0.3293,4
2976,-0.0999,0.2633,0.3281,4
2977,-0.101,0.2617,0.3286,4
2978,-0.1015,0.2612,0.3292,4
2979,-0.1015,0.2585,0.3244,4
2980,-0.1009,0.2649,0.328,4
2981,-0.102,0.258,0.3262,4
2982,-0.0985,0.2564,0.3272,4
2983,-0.1011,0.2554,0.3252,4
2984,-0.1021,0.2538,0.327,4
2985,-0.1006,0.2495,0.3253,4
2986,-0.1011,0.2506,0.3252,5
2987,-0.1032,0.2501,0.3288,5
2988,-0.1027,0.2522,0.3252,5
2989,-0.1037,0.2485,0.3251,5
2990,-0.1026,0.2538,0.3276,5
2991,-0.1037,0.2475,0.327,5
2992,-0.1012,0.2479,0.3283,5
2993,-0.1022,0.2448,0.3252,5
2994,-0.1038,0.2448,0.327,5
2995,-0.1032,0.2464,0.3276,5
2996,-0.1038,0.2438,0.3282,5
2997,-0.1054,0.2411,0.3287,5
2998,-0.1023,0.2389,0.3265,5
2999,-0.1043,0.2427,0.3288,5
3000,-0.1043,0.2406,0.3294,5
3001,-0.1043,0.2416,0.3306,5
3002,-0.1064,0.2359,0.3275,5
3003,-0.1039,0.2337,0.3312,5
3004,-0.1043,0.2406,0.3312,5
3005,-0.1054,0.2342,0.3324,5
3006,-0.1049,0.2363,0.3306,6
3007,-0.1054,0.2364,0.3324,6
3008,-0.106,0.2321,0.3336,6
3009,-0.106,0.2332,0.3342,6
3010,-0.1054,0.2332,0.33,6
3011,-0.106,0.23,0.3342,6
3012,-0.1057,0.233,0.338,6
3013,-0.1057,0.2304,0.3368,6
3014,-0.1062,0.2272,0.3313,6
3015,-0.1078,0.2261,0.3392,6
3016,-0.1083,0.2278,0.3385,6
3017,-0.1094,0.2273,0.3385,6
3018,-0.1105,0.2219,0.3372,6
3019,-0.1047,0.2218,0.3375,6
3020,-0.1105,0.2203,0.3354,6
3021,-0.1058,0.2213,0.3399,6
3022,-0.1084,0.2181,0.3343,6
3023,-0.1094,0.2198,0.3367,6
3024,-0.11,0.2176,0.3373,6
3025,-0.1089,0.2176,0.3367,6
3026,-0.1084,0.216,0.3349,7
3027,-0.1126,0.2166,0.3378,7
3028,-0.11,0.2171,0.3367,7
3029,-0.111,0.215,0.3385,7
3030,-0.1105,0.2134,0.3379,7
3031,-0.1121,0.2145,0.3378,7
3032,-0.1105,0.2134,0.3367,7
3033,-0.1106,0.2107,0.3403,7
3034,-0.1116,0.2102,0.3385,7
3035,-0.1106,0.2107,0.3403,7
3036,-0.109,0.2096,0.3374,7
3037,-0.1106,0.2085,0.3403,7
3038,-0.1091,0.2074,0.3392,7
3039,-0.1101,0.2048,0.3404,7
3040,-0.1129,0.2033,0.3411,7
3041,-0.1097,0.2049,0.3449,7
3042,-0.1118,0.2022,0.3399,7
3043,-0.1129,0.2017,0.3417,7
3044,-0.1129,0.2006,0.3411,7
3045,-0.1124,0.199,0.3448,8
3046,-0.1077,0.1978,0.3413,8
3047,-0.1114,0.1957,0.343,8
3048,-0.1087,0.2011,0.3431,8
3049,-0.1124,0.1979,0.3454,8
3050,-0.1124,0.1952,0.3436,8
3051,-0.1098,0.1919,0.3406,8
3052,-0.1103,0.193,0.3449,8
3053,-0.1098,0.1946,0.3437,8
3054,-0.1098,0.1984,0.3418,8
3055,-0.1083,0.1902,0.3444,8
3056,-0.1083,0.1902,0.3413,8
3057,-0.1083,0.1907,0.3413,8
3058,-0.1083,0.1875,0.3389,8
3059,-0.1062,0.188,0.342,8
3060,-0.1052,0.1852,0.3415,8
3061,-0.1057,0.1847,0.3415,8
3062,-0.1052,0.1825,0.339,8
3063,-0.1063,0.1809,0.3427,8
3064,-0.1058,0.1809,0.3384,8
3065,-0.1031,0.1798,0.3428,8
3066,-0.1026,0.1819,0.3422,9
3067,-0.1026,0.1803,0.3434,9
3068,-0.1036,0.1791,0.3454,9
3069,-0.1036,0.1785,0.3442,9
3070,-0.1058,0.1769,0.3453,9
3071,-0.1037,0.1769,0.3467,9
3072,-0.1031,0.1758,0.3455,9
3073,-0.1026,0.1741,0.3449,9
3074,-0.0995,0.1746,0.3456,9
3075,-0.0968,0.1734,0.3457,9
3076,-0.0995,0.1718,0.3425,9
3077,-0.0989,0.1746,0.3475,9
3078,-0.0985,0.168,0.3445,9
3079,-0.098,0.1663,0.3482,9
3080,-0.0964,0.1668,0.3476,9
3081,-0.0943,0.1657,0.3502,9
3082,-0.0948,0.1684,0.3471,9
3083,-0.0938,0.1646,0.3471,9
3084,-0.0932,0.1673,0.3478,9
3085,-0.0916,0.1678,0.3522,10
3086,-0.0917,0.1623,0.351,10
3087,-0.0901,0.1606,0.3504,10
3088,-0.0885,0.1617,0.3499,10
3089,-0.088,0.1579,0.3505,10
3090,-0.0854,0.1572,0.35,10
3091,-0.0864,0.1573,0.3481,10
3092,-0.0838,0.155,0.3513,10
3093,-0.0843,0.1599,0.35,10
3094,-0.0881,0.1594,0.3543,10
3095,-0.086,0.1566,0.3525,10
3096,-0.0823,0.1543,0.3527,10
3097,-0.0818,0.1516,0.3539,10
3098,-0.0813,0.1548,0.354,10
3099,-0.0803,0.1499,0.3546,10
3100,-0.0818,0.1521,0.3552,10
3101,-0.0787,0.1504,0.3566,10
3102,-0.0761,0.1465,0.3536,10
3103,-0.0776,0.1525,0.3603,10
3104,-0.0766,0.1492,0.3554,10
3105,-0.0766,0.147,0.3585,10
3106,-0.0745,0.1459,0.3549,11
3107,-0.0739,0.1469,0.3599,11
3108,-0.0739,0.1475,0.3555,11
3109,-0.0739,0.1469,0.3593,11
3110,-0.0707,0.1485,0.3575,11
3111,-0.0681,0.1451,0.3577,11
3112,-0.0687,0.143,0.3589,11
3113,-0.0671,0.1446,0.359,11
3114,-0.0671,0.1407,0.3583,11
3115,-0.0634,0.1433,0.3591,11
3116,-0.0639,0.1445,0.3603,11
3117,-0.0681,0.1434,0.3559,11
3118,-0.0676,0.1429,0.3609,11
3119,-0.0644,0.1428,0.3586,11
3120,-0.0633,0.1427,0.3592,11
3121,-0.0623,0.1427,0.3605,11
3122,-0.0607,0.1405,0.3575,11
3123,-0.0555,0.1359,0.3608,11
3124,-0.0602,0.1377,0.3581,11
3125,-0.0534,0.1342,0.3603,11
3126,-0.057,0.1365,0.3595,12
3127,-0.0544,0.1348,0.3603,12
3128,-0.0555,0.1359,0.3614,12
3129,-0.0507,0.1358,0.3623,12
3130,-0.047,0.1373,0.3612,12
3131,-0.0506,0.1407,0.3616,12
3132,-0.048,0.1357,0.3624,12
3133,-0.0459,0.134,0.365,12
3134,-0.0433,0.1339,0.3582,12
3135,-0.0428,0.1339,0.3626,12
3136,-0.0411,0.1355,0.3621,12
3137,-0.038,0.131,0.3616,12
3138,-0.0385,0.1311,0.3609,12
3139,-0.0391,0.1327,0.3628,12
3140,-0.0396,0.1321,0.3609,12
3141,-0.0385,0.1337,0.3647,12
3142,-0.0369,0.1364,0.3598,12
3143,-0.0359,0.1325,0.3617,12
3144,-0.0332,0.1324,0.3656,12
3145,-0.0322,0.1346,0.3625,13
3146,-0.0306,0.1313,0.3613,13
3147,-0.0311,0.1313,0.3638,13
3148,-0.0295,0.1334,0.3614,13
3149,-0.0258,0.1322,0.3646,13
3150,-0.0237,0.1289,0.3585,13
3151,-0.0226,0.1381,0.3616,13
3152,-0.0184,0.1331,0.3625,13
3153,-0.021,0.1354,0.3673,13
3154,-0.0195,0.1331,0.3624,13
3155,-0.0183,0.138,0.3637,13
3156,-0.0162,0.1363,0.3619,13
3157,-0.0147,0.1357,0.3626,13
3158,-0.012,0.1356,0.3609,13
3159,-0.0088,0.1339,0.3629,13
3160,-0.0094,0.1356,0.361,13
3161,-0.0078,0.1366,0.3604,13
3162,-0.0051,0.1387,0.3611,13
3163,-0.0046,0.1371,0.3624,13
3164,-0.0032,0.1402,0.3643,13
3165,-0.0021,0.1429,0.3668,13
3166,0.0011,0.144,0.3651,14
3167,0.0027,0.1445,0.3645,14
3168,0.0043,0.1428,0.3646,14
3169,0.0059,0.1455,0.3647,14
3170,0.0075,0.1416,0.3623,14
3171,0.0102,0.1415,0.3661,14
3172,0.0144,0.1402,0.3619,14
3173,0.0145,0.1463,0.3644,14
3174,0.0128,0.143,0.3606,14
3175,0.0145,0.1452,0.3663,14
3176,0.0161,0.149,0.362,14
3177,0.0156,0.1468,0.3663,14
3178,0.0188,0.1484,0.3615,14
3179,0.0241,0.1488,0.3667,14
3180,0.0204,0.1511,0.3646,14
3181,0.0225,0.1483,0.3647,14
3182,0.0226,0.1532,0.3628,14
3183,0.0257,0.1504,0.3661,14
3184,0.0242,0.1521,0.3629,14
3185,0.0258,0.152,0.3655,15
3186,0.0274,0.1536,0.3637,15
3187,0.0303,0.1593,0.3718,15
3188,0.0324,0.1575,0.3713,15
3189,0.0341,0.158,0.372,15
3190,0.0351,0.1585,0.3682,15
3191,0.0379,0.1652,0.3696,15
3192,0.0363,0.1635,0.3689,15
3193,0.039,0.1651,0.369,15
3194,0.0401,0.1685,0.3677,15
3195,0.0396,0.1657,0.369,15
3196,0.0401,0.1651,0.3659,15
3197,0.0418,0.1695,0.3672,15
3198,0.0423,0.1701,0.3691,15
3199,0.0466,0.1694,0.3661,15
3200,0.044,0.1711,0.3647,15
3201,0.0477,0.1699,0.3668,15
3202,0.0451,0.1762,0.3673,15
3203,0.0472,0.1744,0.3668,15
3204,0.0478,0.1733,0.3649,15
3205,0.0483,0.1738,0.3649,15
3206,0.0521,0.1748,0.3644,16
3207,0.0473,0.1817,0.3674,16
3208,0.05,0.1782,0.3656,16
3209,0.0511,0.1793,0.3675,16
3210,0.0573,0.1823,0.3664,16
3211,0.0584,0.1845,0.3717,16
3212,0.0595,0.1851,0.3704,16
3213,0.0601,0.189,0.3711,16
3214,0.0618,0.1913,0.3685,16
3215,0.0613,0.1924,0.3698,16
3216,0.0618,0.1924,0.3698,16
3217,0.0635,0.1969,0.3725,16
3218,0.0652,0.1952,0.3706,16
3219,0.0646,0.1946,0.3712,16
3220,0.0641,0.1986,0.3673,16
3221,0.0651,0.1929,0.3661,16
3222,0.0635,0.1969,0.3673,16
3223,0.0646,0.198,0.3667,16
3224,0.0663,0.1997,0.3661,16
3225,0.0658,0.1997,0.3687,17
3226,0.0691,0.2042,0.3643,17
3227,0.0708,0.2058,0.3663,17
3228,0.0703,0.2053,0.3662,17
3229,0.067,0.2094,0.3654,17
3230,0.0692,0.2082,0.3662,17
3231,0.0692,0.2082,0.3681,17
3232,0.0681,0.2099,0.3623,17
3233,0.0734,0.2146,0.3708,17
3234,0.0751,0.2162,0.3682,17
3235,0.0735,0.2169,0.3688,17
3236,0.0747,0.2238,0.3688,17
3237,0.0729,0.2198,0.3681,17
3238,0.0752,0.2203,0.3676,17
3239,0.0747,0.2278,0.3675,17
3240,0.0747,0.2249,0.3675,17
3241,0.0764,0.2255,0.3683,17
3242,0.078,0.2243,0.3657,17
3243,0.0758,0.2266,0.3669,17
3244,0.0759,0.2336,0.3669,17
3245,0.077,0.2301,0.3676,17
3246,0.0781,0.2312,0.3663,18
3247,0.0753,0.2307,0.3662,18
3248,0.0742,0.2336,0.3662,18
3249,0.0821,0.2351,0.3665,18
3250,0.0787,0.237,0.367,18
3251,0.0771,0.2382,0.3656,18
3252,0.0771,0.2405,0.3617,18
3253,0.076,0.2405,0.3656,18
3254,0.081,0.2392,0.3645,18
3255,0.0765,0.2399,0.3662,18
3256,0.0771,0.2468,0.3649,18
3257,0.0766,0.2463,0.3656,18
3258,0.0755,0.2463,0.3616,18
3259,0.0723,0.2464,0.3638,18
3260,0.0741,0.2515,0.3664,18
3261,0.0746,0.2515,0.3678,18
3262,0.0724,0.2556,0.3637,18
3263,0.0707,0.2545,0.3656,18
3264,0.0724,0.2556,0.3637,18
3265,0.0719,0.2562,0.3676,18
3266,0.0725,0.2591,0.365,19
3267,0.073,0.2591,0.3637,19
3268,0.0703,0.2655,0.363,19
3269,0.0697,0.2621,0.3669,19
3270,0.0703,0.2667,0.3643,19
3271,0.0686,0.2667,0.3616,19
3272,0.0692,0.2679,0.3629,19
3273,0.0681,0.2685,0.3655,19
3274,0.0675,0.2691,0.3595,19
3275,0.0658,0.268,0.3621,19
3276,0.0709,0.2684,0.3617,19
3277,0.0648,0.2709,0.3607,19
3278,0.0654,0.279,0.3601,19
3279,0.0648,0.2755,0.3633,19
3280,0.0648,0.2767,0.3614,19
3281,0.0631,0.2767,0.3626,19
3282,0.0614,0.2739,0.3612,19
3283,0.0626,0.2785,0.3632,19
3284,0.0561,0.2815,0.3575,19
3285,0.056,0.2764,0.3562,19
3286,0.0555,0.2787,0.3587,20
3287,0.0544,0.2799,0.3574,20
3288,0.055,0.2839,0.3581,20
3289,0.0528,0.2868,0.3606,20
3290,0.0528,0.2833,0.356,20
3291,0.05,0.2851,0.3578,20
3292,0.0506,0.2863,0.3572,20
3293,0.0495,0.2863,0.3572,20
3294,0.0472,0.2858,0.3551,20
3295,0.0473,0.2887,0.3571,20
3296,0.0473,0.2887,0.3564,20
3297,0.0462,0.2921,0.3577,20
3298,0.0451,0.2876,0.3557,20
3299,0.044,0.2905,0.355,20
3300,0.0395,0.2906,0.3548,20
3301,0.0407,0.2934,0.3561,20
3302,0.0407,0.2946,0.3561,20
3303,0.0445,0.2922,0.355,20
3304,0.0363,0.2976,0.3553,20
3305,0.043,0.2991,0.3536,21
3306,0.0369,0.2987,0.3553,21
3307,0.033,0.2977,0.3558,21
3308,0.0315,0.2962,0.3513,21
3309,0.0315,0.2985,0.3513,21
3310,0.0331,0.2945,0.3482,21
3311,0.0266,0.2958,0.3498,21
3312,0.0271,0.2964,0.346,21
3313,0.0244,0.2981,0.3529,21
3314,0.0261,0.3003,0.3497,21
3315,0.0239,0.3004,0.3509,21
3316,0.0217,0.3005,0.3457,21
3317,0.0196,0.2994,0.3482,21
3318,0.019,0.3017,0.3469,21
3319,0.0191,0.3045,0.3507,21
3320,0.0169,0.3017,0.3513,21
3321,0.0163,0.3017,0.3519,21
3322,0.0153,0.3035,0.3505,21
3323,0.0126,0.3063,0.3472,21
3324,0.0126,0.3058,0.3466,21
3325,0.0137,0.3091,0.3492,22
3326,0.0104,0.307,0.3503,22
3327,0.0083,0.3093,0.3483,22
3328,0.0072,0.3082,0.3508,22
3329,0.0061,0.3099,0.3508,22
3330,0.0087,0.3048,0.3464,22
3331,0.0023,0.3078,0.3468,22
3332,0.0061,0.3116,0.3469,22
3333,-0.0008,0.3037,0.3444,22
3334,-0.0003,0.3037,0.3426,22
3335,-0.0025,0.3016,0.3444,22
3336,-0.0045,0.3039,0.3437,22
3337,-0.004,0.3011,0.3431,22
3338,-0.0066,0.3056,0.3448,22
3339,-0.0088,0.2996,0.3423,22
3340,-0.0099,0.3018,0.3416,22
3341,-0.0104,0.3008,0.3428,22
3342,-0.013,0.3025,0.3408,22
3343,-0.0141,0.3036,0.3433,22
3344,-0.013,0.3041,0.3408,22
3345,-0.0156,0.308,0.3438,22
3346,-0.0157,0.3031,0.3401,23
3347,-0.0183,0.3032,0.3418,23
3348,-0.0199,0.3038,0.3405,23
3349,-0.0214,0.306,0.3417,23
3350,-0.022,0.3017,0.3417,23
3351,-0.0251,0.3045,0.3422,23
3352,-0.0246,0.3034,0.3397,23
3353,-0.023,0.3033,0.3447,23
3354,-0.0278,0.304,0.3414,23
3355,-0.0288,0.3057,0.3408,23
3356,-0.031,0.3041,0.3407,23
3357,-0.0325,0.3069,0.3381,23
3358,-0.0274,0.2992,0.3334,23
3359,-0.0305,0.2961,0.3339,23
3360,-0.032,0.2977,0.335,23
3361,-0.0346,0.2973,0.3374,23
3362,-0.0346,0.301,0.3337,23
3363,-0.0372,0.2968,0.3354,23
3364,-0.0393,0.2953,0.3347,23
3365,-0.0398,0.2958,0.3359,24
3366,-0.0413,0.2996,0.334,24
3367,-0.0419,0.297,0.3328,24
3368,-0.0434,0.2991,0.3321,24
3369,-0.0439,0.297,0.3358,24
3370,-0.045,0.2965,0.3339,24
3371,-0.045,0.2965,0.3333,24
3372,-0.0476,0.2966,0.332,24
3373,-0.0486,0.2998,0.3343,24
3374,-0.0507,0.294,0.3325,24
3375,-0.0512,0.2951,0.3324,24
3376,-0.0522,0.2967,0.3336,24
3377,-0.0543,0.2947,0.3329,24
3378,-0.0558,0.2974,0.3322,24
3379,-0.0574,0.2921,0.3304,24
3380,-0.0569,0.2926,0.3298,24
3381,-0.0605,0.2949,0.332,24
3382,-0.0616,0.2949,0.3296,24
3383,-0.0586,0.2864,0.3264,24
3384,-0.0606,0.287,0.3263,24
3385,-0.0626,0.2886,0.3245,25
3386,-0.0611,0.2859,0.3251,25
3387,-0.0581,0.2827,0.3253,25
3388,-0.0637,0.2865,0.325,25
3389,-0.0647,0.2813,0.3214,25
3390,-0.0658,0.2803,0.3238,25
3391,-0.0668,0.2824,0.3237,25
3392,-0.0658,0.2798,0.322,25
3393,-0.0658,0.2787,0.3226,25
3394,-0.0678,0.2793,0.3237,25
3395,-0.0683,0.2814,0.3248,25
3396,-0.0684,0.2767,0.3237,25
3397,-0.0704,0.2789,0.3236,25
3398,-0.0694,0.2752,0.3236,25
3399,-0.0709,0.2768,0.3259,25
3400,-0.0709,0.2752,0.3271,25
3401,-0.072,0.2716,0.3301,25
3402,-0.0724,0.2763,0.3271,25
3403,-0.073,0.2716,0.3294,25
3404,-0.074,0.2748,0.33,25
3405,-0.0745,0.2758,0.3329,25
3406,-0.075,0.2717,0.3294,26
3407,-0.0725,0.2683,0.3277,26
3408,-0.074,0.274,0.3294,26
3409,-0.0715,0.2714,0.3319,26
3410,-0.0765,0.272,0.3317,26
3411,-0.0775,0.2715,0.3328,26
3412,-0.0791,0.2695,0.3339,26
3413,-0.0786,0.2669,0.3334,26
3414,-0.0776,0.2674,0.3305,26
3415,-0.0846,0.2712,0.3337,26
3416,-0.0851,0.2697,0.3343,26
3417,-0.0846,0.2718,0.3355,26
3418,-0.0867,0.2676,0.333,26
3419,-0.0867,0.2661,0.3366,26
3420,-0.0882,0.2667,0.3359,26
3421,-0.0902,0.2652,0.337,26
3422,-0.0922,0.2642,0.3334,26
3423,-0.0917,0.2662,0.3334,26
3424,-0.0942,0.2679,0.3345,26
3425,-0.0948,0.2627,0.3351,26
3426,-0.0963,0.2653,0.332,27
3427,-0.0968,0.2601,0.3356,27
3428,-0.0968,0.2596,0.3338,27
3429,-0.0953,0.257,0.3363,27
3430,-0.1004,0.2561,0.3343,27
3431,-0.0999,0.2566,0.3355,27
3432,-0.1019,0.2561,0.3354,27
3433,-0.1024,0.2572,0.3365,27
3434,-0.0996,0.2514,0.3361,27
3435,-0.0996,0.2566,0.3379,27
3436,-0.1007,0.2488,0.3337,27
3437,-0.1032,0.2494,0.3384,27
3438,-0.1037,0.2489,0.3372,27
3439,-0.1027,0.2468,0.3372,27
3440,-0.1047,0.2468,0.3383,27
3441,-0.1048,0.2437,0.3354,27
3442,-0.1022,0.2436,0.3355,27
3443,-0.1053,0.2442,0.3383,27
3444,-0.1048,0.2442,0.3365,27
3445,-0.1058,0.2406,0.3389,27
3446,-0.1048,0.2385,0.336,28
3447,-0.1063,0.2391,0.3406,28
3448,-0.1063,0.2448,0.3377,28
3449,-0.1063,0.2401,0.3395,28
3450,-0.1054,0.2354,0.336,28
3451,-0.1059,0.2338,0.3401,28
3452,-0.1058,0.2364,0.3413,28
3453,-0.1053,0.2364,0.3436,28
3454,-0.1069,0.2334,0.3412,28
3455,-0.1064,0.2323,0.343,28
3456,-0.1064,0.2297,0.3419,28
3457,-0.1029,0.2301,0.3414,28
3458,-0.1064,0.2297,0.3424,28
3459,-0.1064,0.2284,0.3469,28
3460,-0.1079,0.2273,0.3439,28
3461,-0.1099,0.2285,0.3462,28
3462,-0.1043,0.2299,0.3452,28
3463,-0.111,0.2227,0.3461,28
3464,-0.1079,0.2253,0.3468,28
3465,-0.1115,0.2227,0.3473,28
3466,-0.111,0.2238,0.3473,29
3467,-0.11,0.2232,0.3474,29
3468,-0.11,0.2201,0.3456,29
3469,-0.111,0.2185,0.3455,29
3470,-0.11,0.2169,0.345,29
3471,-0.1116,0.2165,0.3467,29
3472,-0.1121,0.2154,0.3473,29
3473,-0.1126,0.217,0.3479,29
3474,-0.1141,0.2165,0.3472,29
3475,-0.1136,0.215,0.3484,29
3476,-0.1106,0.2133,0.3491,29
3477,-0.1116,0.2139,0.3479,29
3478,-0.1106,0.2117,0.3492,29
3479,-0.1111,0.2117,0.3456,29
3480,-0.1116,0.2097,0.3461,29
3481,-0.1122,0.2076,0.3503,29
3482,-0.1122,0.2086,0.3491,29
3483,-0.1132,0.2071,0.3479,29
3484,-0.1082,0.2012,0.3451,29
3485,-0.1128,0.2013,0.3491,29
3486,-0.1141,0.2068,0.352,30
3487,-0.1142,0.201,0.3515,30
3488,-0.1136,0.2021,0.3527,30
3489,-0.1136,0.2047,0.3533,30
3490,-0.1141,0.2031,0.3515,30
3491,-0.1086,0.1998,0.3523,30
3492,-0.1121,0.1983,0.3492,30
3493,-0.1132,0.1957,0.3527,30
3494,-0.1112,0.1957,0.3498,30
3495,-0.1112,0.1957,0.354,30
3496,-0.1117,0.1946,0.3522,30
3497,-0.1116,0.1983,0.3516,30
3498,-0.1117,0.1888,0.3528,30
3499,-0.1102,0.1914,0.3541,30
3500,-0.1107,0.1888,0.3547,30
3501,-0.1102,0.1861,0.3511,30
3502,-0.1082,0.1866,0.3518,30
3503,-0.1082,0.1861,0.3506,30
3504,-0.1077,0.1871,0.3524,30
3505,-0.1077,0.1882,0.3536,30
3506,-0.1072,0.184,0.3548,31
3507,-0.1057,0.1818,0.3543,31
3508,-0.1057,0.1834,0.3537,31
3509,-0.1047,0.1797,0.3514,31
3510,-0.1036,0.1812,0.3514,31
3511,-0.1001,0.179,0.3533,31
3512,-0.1011,0.1811,0.3539,31
3513,-0.0976,0.1726,0.3547,31
3514,-0.1037,0.1791,0.358,31
3515,-0.1047,0.1812,0.3597,31
3516,-0.1042,0.178,0.3591,31
3517,-0.1032,0.1774,0.3598,31
3518,-0.0961,0.1746,0.3535,31
3519,-0.1012,0.1747,0.3593,31
3520,-0.1002,0.1747,0.3569,31
3521,-0.1002,0.171,0.3599,31
3522,-0.0987,0.1704,0.3582,31
3523,-0.0982,0.1683,0.3606,31
3524,-0.0971,0.1682,0.3583,31
3525,-0.0966,0.1666,0.3595,31
3526,-0.0961,0.1672,0.3607,32
3527,-0.0951,0.165,0.359,32
3528,-0.0946,0.1661,0.3608,32
3529,-0.0931,0.1644,0.3609,32
3530,-0.0921,0.1628,0.3591,32
3531,-0.0905,0.1643,0.3622,32
3532,-0.0915,0.1644,0.3597,32
3533,-0.0849,0.1583,0.363,32
3534,-0.0875,0.16,0.3605,32
3535,-0.0865,0.1594,0.3624,32
3536,-0.0875,0.1616,0.3641,32
3537,-0.0854,0.1594,0.366,32
3538,-0.0808,0.1561,0.3632,32
3539,-0.0829,0.1583,0.3637,32
3540,-0.0783,0.1555,0.3663,32
3541,-0.0871,0.1584,0.367,32
3542,-0.0835,0.1557,0.3654,32
3543,-0.0835,0.1567,0.3678,32
3544,-0.0835,0.1557,0.3672,32
3545,-0.082,0.1551,0.369,32
3546,-0.0815,0.1546,0.3703,33
3547,-0.079,0.1513,0.3692,33
3548,-0.0784,0.1529,0.3704,33
3549,-0.0795,0.1518,0.3722,33
3550,-0.0764,0.1507,0.3687,33
3551,-0.0764,0.1507,0.3711,33
3552,-0.0753,0.1522,0.3718,33
3553,-0.0759,0.1496,0.3723,33
3554,-0.0743,0.149,0.3724,33
3555,-0.0739,0.1453,0.3718,33
3556,-0.0718,0.1468,0.3689,33
3557,-0.0718,0.1495,0.3737,33
3558,-0.0697,0.1468,0.3732,33
3559,-0.0692,0.1489,0.3732,33
3560,-0.0641,0.146,0.3723,33
3561,-0.0677,0.1446,0.3727,33
3562,-0.0661,0.1493,0.3722,33
3563,-0.0651,0.1424,0.3758,33
3564,-0.0641,0.1455,0.3711,33
3565,-0.0636,0.1402,0.3741,33
3566,-0.0667,0.143,0.3745,34
3567,-0.0616,0.1423,0.3748,34
3568,-0.0642,0.144,0.3734,34
3569,-0.0611,0.1407,0.3754,34
3570,-0.0611,0.1433,0.3724,34
3571,-0.0585,0.1395,0.3767,34
3572,-0.0565,0.1411,0.3732,34
3573,-0.0559,0.1416,0.3762,34
3574,-0.0539,0.1431,0.3757,34
3575,-0.0534,0.1394,0.3757,34
3576,-0.0523,0.1404,0.3746,34
3577,-0.0513,0.1409,0.377,34
3578,-0.0492,0.1446,0.3729,34
3579,-0.0472,0.1365,0.3748,34
3580,-0.0467,0.1392,0.3748,34
3581,-0.0467,0.1397,0.3712,34
3582,-0.0441,0.1349,0.3743,34
3583,-0.042,0.1396,0.3744,34
3584,-0.0406,0.1331,0.3715,34
3585,-0.04,0.1379,0.3757,34
3586,-0.0385,0.1336,0.3709,35
3587,-0.0318,0.1334,0.3718,35
3588,-0.0354,0.1357,0.3735,35
3589,-0.0297,0.1344,0.3719,35
3590,-0.0333,0.1345,0.3736,35
3591,-0.0333,0.1362,0.3755,35
3592,-0.0333,0.1346,0.3719,35
3593,-0.0313,0.1324,0.3768,35
3594,-0.0266,0.1354,0.374,35
3595,-0.0302,0.135,0.375,35
3596,-0.0277,0.1339,0.3721,35
3597,-0.0261,0.1359,0.374,35
3598,-0.0266,0.1338,0.3788,35
3599,-0.0251,0.1338,0.3795,35
3600,-0.0225,0.1332,0.3778,35
3601,-0.0215,0.1315,0.3778,35
3602,-0.0204,0.1352,0.3779,35
3603,-0.0194,0.1341,0.3809,35
3604,-0.0184,0.1352,0.3773,35
3605,-0.0158,0.1335,0.3781,35
3606,-0.0147,0.1345,0.3769,36
3607,-0.0132,0.1329,0.3764,36
3608,-0.0132,0.1361,0.3776,36
3609,-0.0091,0.1312,0.3759,36
3610,-0.0091,0.1333,0.3777,36
3611,-0.0081,0.1322,0.3778,36
3612,-0.007,0.1343,0.3778,36
3613,-0.0044,0.1364,0.3785,36
3614,-0.0003,0.132,0.3757,36
3615,-0.0033,0.1385,0.3768,36
3616,0.0035,0.1383,0.3805,36
3617,-0.0006,0.139,0.3821,36
3618,0.003,0.1378,0.3804,36
3619,0.0041,0.1372,0.3805,36
3620,0.0041,0.1388,0.3793,36
3621,0.0067,0.1398,0.383,36
3622,0.0087,0.1392,0.3795,36
3623,0.0088,0.1419,0.3807,36
3624,0.0103,0.1418,0.3801,36
3625,0.0103,0.1424,0.3826,36
3626,0.0155,0.1411,0.3822,37
3627,0.0145,0.1423,0.3815,37
3628,0.0151,0.1471,0.3785,37
3629,0.0166,0.1427,0.3798,37
3630,0.0176,0.1448,0.3792,37
3631,0.0197,0.1464,0.3811,37
3632,0.0202,0.1448,0.3799,37
3633,0.0213,0.1469,0.3781,37
3634,0.0213,0.1469,0.3781,37
3635,0.0244,0.1473,0.3789,37
3636,0.0255,0.1494,0.3771,37
3637,0.0275,0.1483,0.3772,37
3638,0.0271,0.152,0.3753,37
3639,0.0281,0.1526,0.379,37
3640,0.0324,0.1548,0.3826,37
3641,0.0334,0.1548,0.3844,37
3642,0.0377,0.1568,0.3803,37
3643,0.0356,0.1564,0.3851,37
3644,0.0366,0.1601,0.3833,37
3645,0.034,0.1624,0.3838,37
3646,0.0372,0.1606,0.3797,38
3647,0.0367,0.1607,0.3827,38
3648,0.0377,0.1639,0.3815,38
3649,0.0382,0.1617,0.3809,38
3650,0.0383,0.1639,0.3809,38
3651,0.0388,0.1671,0.3828,38
3652,0.0393,0.1671,0.3773,38
3653,0.0399,0.1676,0.3828,38
3654,0.0425,0.1702,0.3799,38
3655,0.0425,0.1697,0.3811,38
3656,0.0426,0.174,0.3792,38
3657,0.0425,0.1708,0.3811,38
3658,0.0441,0.1718,0.3799,38
3659,0.0442,0.174,0.3774,38
3660,0.0441,0.1729,0.3756,38
3661,0.0431,0.174,0.3811,38
3662,0.0441,0.1729,0.3787,38
3663,0.0447,0.174,0.3793,38
3664,0.051,0.176,0.379,38
3665,0.0458,0.1761,0.3794,38
3666,0.0512,0.1818,0.3835,39
3667,0.0539,0.1867,0.3836,39
3668,0.0555,0.1883,0.3824,39
3669,0.0539,0.1845,0.3855,39
3670,0.0545,0.1861,0.3798,39
3671,0.0572,0.1899,0.3837,39
3672,0.0556,0.1894,0.3786,39
3673,0.0572,0.1937,0.3824,39
3674,0.0577,0.1937,0.3768,39
3675,0.0578,0.1948,0.3812,39
3676,0.0594,0.1948,0.3838,39
3677,0.0583,0.1965,0.3787,39
3678,0.0604,0.1964,0.3782,39
3679,0.0599,0.1964,0.3807,39
3680,0.061,0.1997,0.3776,39
3681,0.0605,0.198,0.3801,39
3682,0.0621,0.2024,0.3776,39
3683,0.0599,0.2003,0.3763,39
3684,0.0616,0.2019,0.3751,39
3685,0.0621,0.2035,0.3795,39
3686,0.0621,0.2051,0.3776,40
3687,0.0632,0.2051,0.3783,40
3688,0.0637,0.2067,0.3777,40
3689,0.0621,0.2062,0.3813,40
3690,0.0659,0.2104,0.3778,40
3691,0.0686,0.2131,0.3823,40
3692,0.0697,0.2114,0.3823,40
3693,0.0682,0.2225,0.3822,40
3694,0.0692,0.2181,0.381,40
3695,0.0665,0.2176,0.379,40
3696,0.0682,0.222,0.3797,40
3697,0.0687,0.2225,0.3791,40
3698,0.0693,0.2258,0.3791,40
3699,0.0666,0.2248,0.3784,40
3700,0.0682,0.2259,0.3772,40
3701,0.0682,0.2292,0.3784,40
3702,0.0704,0.2308,0.3798,40
3703,0.0693,0.2286,0.3785,40
3704,0.0677,0.2326,0.379,40
3705,0.0699,0.2353,0.3797,40
3706,0.0683,0.2331,0.3778,41
3707,0.0678,0.2359,0.379,41
3708,0.0689,0.237,0.3797,41
3709,0.07,0.2386,0.3803,41
3710,0.0683,0.2387,0.3784,41
3711,0.0689,0.2398,0.379,41
3712,0.0684,0.242,0.379,41
3713,0.0711,0.2442,0.3804,41
3714,0.0668,0.2462,0.3804,41
3715,0.0674,0.2456,0.3786,41
3716,0.0668,0.2467,0.3779,41
3717,0.0663,0.2484,0.3817,41
3718,0.0712,0.2538,0.3787,41
3719,0.0653,0.2501,0.3791,41
3720,0.0674,0.2523,0.3766,41
3721,0.0631,0.2519,0.3815,41
3722,0.0648,0.2563,0.3784,41
3723,0.0632,0.2563,0.3783,41
3724,0.0627,0.2619,0.3802,41
3725,0.0616,0.2614,0.3801,41
3726,0.0606,0.2659,0.3807,42
3727,0.0638,0.2619,0.3777,42
3728,0.0617,0.2658,0.3789,42
3729,0.0611,0.2636,0.377,42
3730,0.0606,0.267,0.3788,42
3731,0.0595,0.2676,0.3788,42
3732,0.059,0.2715,0.3787,42
3733,0.0568,0.2682,0.3793,42
3734,0.0552,0.2694,0.3786,42
3735,0.0564,0.2749,0.3792,42
3736,0.0547,0.2727,0.3792,42
3737,0.0542,0.2778,0.3772,42
3738,0.0515,0.2767,0.3784,42
3739,0.0515,0.2744,0.3762,42
3740,0.0557,0.2748,0.3764,42
3741,0.0493,0.2755,0.3729,42
3742,0.0494,0.281,0.3748,42
3743,0.0473,0.2833,0.3753,42
3744,0.0467,0.2811,0.3741,42
3745,0.0446,0.2806,0.3727,42
3746,0.0446,0.2834,0.3721,43
3747,0.0473,0.2839,0.3722,43
3748,0.0414,0.2863,0.3738,43
3749,0.0414,0.2874,0.3744,43
3750,0.0398,0.2891,0.3731,43
3751,0.0387,0.2869,0.3725,43
3752,0.0383,0.2908,0.373,43
3753,0.0372,0.2919,0.3736,43
3754,0.0351,0.2958,0.3723,43
3755,0.0334,0.2909,0.3697,43
3756,0.0335,0.2948,0.3697,43
3757,0.0319,0.2932,0.3728,43
3758,0.0308,0.2943,0.3683,43
3759,0.0287,0.2938,0.372,43
3760,0.0264,0.2943,0.3646,43
3761,0.0232,0.2922,0.3682,43
3762,0.0243,0.2944,0.3658,43
3763,0.0227,0.2939,0.3676,43
3764,0.0201,0.2978,0.3631,43
3765,0.0195,0.2956,0.3649,43
3766,0.019,0.2962,0.3649,44
3767,0.0185,0.2984,0.3649,44
3768,0.0159,0.3006,0.3642,44
3769,0.0175,0.2973,0.3624,44
3770,0.0122,0.3007,0.364,44
3771,0.009,0.2986,0.3626,44
3772,0.0081,0.3074,0.3632,44
3773,0.0065,0.3042,0.3656,44
3774,0.009,0.2997,0.3614,44
3775,0.0038,0.3042,0.3655,44
3776,0.0028,0.3032,0.3642,44
3777,0.0007,0.3043,0.366,44
3778,0.0017,0.3059,0.3635,44
3779,-0.003,0.3039,0.3652,44
3780,-0.0038,0.302,0.357,44
3781,-0.0069,0.3037,0.3587,44
3782,-0.0064,0.3,0.3563,44
3783,-0.0089,0.3038,0.3592,44
3784,-0.0105,0.3012,0.3579,44
3785,-0.0105,0.3022,0.3603,44
3786,-0.012,0.3049,0.3597,45
3787,-0.0136,0.3023,0.359,45
3788,-0.0167,0.3046,0.3576,45
3789,-0.0188,0.3019,0.3606,45
3790,-0.0203,0.3009,0.3557,45
3791,-0.0229,0.3026,0.3604,45
3792,-0.0265,0.3011,0.3584,45
3793,-0.0249,0.3048,0.3603,45
3794,-0.0271,0.2995,0.3554,45
3795,-0.0254,0.3064,0.356,45
3796,-0.0291,0.3007,0.3577,45
3797,-0.0301,0.3076,0.3565,45
3798,-0.0337,0.3056,0.3593,45
3799,-0.0329,0.2966,0.3535,45
3800,-0.0349,0.2977,0.3523,45
3801,-0.0369,0.2998,0.351,45
3802,-0.0364,0.2993,0.3522,45
3803,-0.04,0.2968,0.3526,45
3804,-0.042,0.2984,0.352,45
3805,-0.0451,0.2969,0.353,45
3806,-0.0441,0.2948,0.3513,46
3807,-0.0466,0.2959,0.3524,46
3808,-0.0491,0.2965,0.3505,46
3809,-0.0486,0.2949,0.3523,46
3810,-0.0512,0.2961,0.3528,46
3811,-0.0537,0.2935,0.3509,46
3812,-0.0542,0.2972,0.3514,46
3813,-0.0557,0.2972,0.3538,46
3814,-0.0573,0.2962,0.3507,46
3815,-0.0593,0.2953,0.35,46
3816,-0.0619,0.2885,0.3482,46
3817,-0.0598,0.2921,0.35,46
3818,-0.0634,0.2901,0.3493,46
3819,-0.0614,0.2816,0.3456,46
3820,-0.0649,0.2869,0.3449,46
3821,-0.0654,0.2823,0.3472,46
3822,-0.061,0.2795,0.3451,46
3823,-0.0639,0.2827,0.3438,46
3824,-0.0664,0.2833,0.3436,46
3825,-0.0694,0.2803,0.3418,46
3826,-0.069,0.2777,0.3453,47
3827,-0.0715,0.2783,0.3458,47
3828,-0.0715,0.2773,0.3435,47
3829,-0.0735,0.2768,0.3451,47
3830,-0.073,0.2768,0.3469,47
3831,-0.073,0.2789,0.3487,47
3832,-0.073,0.2768,0.3475,47
3833,-0.0735,0.2742,0.3504,47
3834,-0.074,0.2717,0.3475,47
3835,-0.076,0.2717,0.3485,47
3836,-0.077,0.2744,0.3491,47
3837,-0.078,0.2749,0.3526,47
3838,-0.0775,0.2713,0.3526,47
3839,-0.079,0.2713,0.3525,47
3840,-0.081,0.2719,0.3524,47
3841,-0.0797,0.2719,0.3492,47
3842,-0.0796,0.2739,0.3527,47
3843,-0.0817,0.2684,0.3503,47
3844,-0.0787,0.2693,0.3533,47
3845,-0.0837,0.2669,0.3537,47
3846,-0.0852,0.2674,0.356,48
3847,-0.0861,0.27,0.3548,48
3848,-0.0902,0.2645,0.3564,48
3849,-0.0897,0.265,0.3552,48
3850,-0.0931,0.2646,0.3522,48
3851,-0.0901,0.2671,0.3575,48
3852,-0.0951,0.2672,0.3567,48
3853,-0.0941,0.2646,0.3574,48
3854,-0.0961,0.2627,0.3573,48
3855,-0.0971,0.2622,0.3578,48
3856,-0.0986,0.2612,0.3572,48
3857,-0.0986,0.2602,0.3595,48
3858,-0.1011,0.2623,0.3571,48
3859,-0.1027,0.2562,0.3582,48
3860,-0.1037,0.2557,0.3564,48
3861,-0.1027,0.2552,0.357,48
3862,-0.1037,0.2557,0.3547,48
3863,-0.1042,0.2521,0.3581,48
3864,-0.1046,0.2514,0.3562,48
3865,-0.1071,0.2484,0.3567,48
3866,-0.1066,0.2504,0.3584,49
3867,-0.1061,0.2474,0.3573,49
3868,-0.1071,0.2458,0.3532,49
3869,-0.1086,0.249,0.3578,49
3870,-0.1086,0.2444,0.3561,49
3871,-0.1027,0.2432,0.3563,49
3872,-0.1076,0.2459,0.3567,49
3873,-0.1066,0.2428,0.3585,49
3874,-0.1097,0.2393,0.3578,49
3875,-0.1097,0.2382,0.3584,49
3876,-0.1097,0.2377,0.3566,49
3877,-0.1087,0.2367,0.3607,49
3878,-0.1067,0.2366,0.3602,49
3879,-0.1117,0.2363,0.3606,49
3880,-0.1092,0.2398,0.3601,49
3881,-0.1092,0.2347,0.3625,49
3882,-0.1117,0.2332,0.3612,49
3883,-0.1132,0.2368,0.3605,49
3884,-0.1117,0.2342,0.3618,49
3885,-0.1112,0.2306,0.3647,49
3886,-0.1123,0.2286,0.3629,50
3887,-0.114,0.2285,0.3658,50
3888,-0.1145,0.2275,0.3657,50
3889,-0.113,0.2259,0.3681,50
3890,-0.1146,0.2233,0.3605,50
3891,-0.1146,0.2223,0.364,50
3892,-0.1155,0.2249,0.3657,50
3893,-0.1116,0.2191,0.3641,50
3894,-0.1156,0.2187,0.3628,50
3895,-0.1141,0.2213,0.3669,50
3896,-0.1161,0.2193,0.3657,50
3897,-0.1156,0.2167,0.3646,50
3898,-0.1091,0.2175,0.3648,50
3899,-0.1152,0.2131,0.3634,50
3900,-0.1117,0.2114,0.3642,50
3901,-0.1177,0.2126,0.3692,50
3902,-0.1142,0.2079,0.367,50
3903,-0.1142,0.2059,0.3652,50
3904,-0.1137,0.2089,0.3688,50
3905,-0.1157,0.2054,0.3669,50
3906,-0.1147,0.2059,0.3664,51
3907,-0.1154,0.2013,0.3672,51
3908,-0.1159,0.2028,0.3719,51
3909,-0.117,0.1992,0.3713,51
3910,-0.1139,0.2022,0.3696,51
3911,-0.115,0.1966,0.369,51
3912,-0.114,0.1971,0.3679,51
3913,-0.114,0.196,0.3714,51
3914,-0.113,0.195,0.3668,51
3915,-0.1126,0.1893,0.3662,51
3916,-0.113,0.1919,0.3662,51
3917,-0.1115,0.1913,0.3692,51
3918,-0.1116,0.1882,0.3669,51
3919,-0.1096,0.1856,0.3681,51
3920,-0.1056,0.1834,0.3677,51
3921,-0.1091,0.185,0.3646,51
3922,-0.1066,0.1824,0.3659,51
3923,-0.1046,0.1808,0.3642,51
3924,-0.1057,0.1792,0.366,51
3925,-0.1046,0.1802,0.3695,51
3926,-0.1036,0.1828,0.3672,52
3927,-0.0977,0.1749,0.3681,52
3928,-0.1071,0.1793,0.3731,52
3929,-0.1026,0.1771,0.375,52
3930,-0.1026,0.1745,0.3739,52
3931,-0.1026,0.1771,0.3727,52
3932,-0.1022,0.1698,0.3745,52
3933,-0.1001,0.1728,0.3728,52
3934,-0.0976,0.1712,0.3741,52
3935,-0.0981,0.1686,0.3758,52
3936,-0.0971,0.1706,0.3735,52
3937,-0.0957,0.1654,0.3766,52
3938,-0.0932,0.1643,0.3773,52
3939,-0.0916,0.1653,0.3761,52
3940,-0.0921,0.1653,0.3755,52
3941,-0.0927,0.1637,0.3761,52
3942,-0.0897,0.159,0.3762,52
3943,-0.0882,0.1595,0.3799,52
3944,-0.0882,0.1574,0.3775,52
3945,-0.0877,0.16,0.3799,52
3946,-0.0846,0.1609,0.38,53
3947,-0.0817,0.152,0.3819,53
3948,-0.0781,0.1612,0.3815,53
3949,-0.0795,0.1556,0.3856,53
3950,-0.0826,0.1588,0.3831,53
3951,-0.0821,0.1515,0.382,53
3952,-0.0801,0.1545,0.3844,53
3953,-0.0806,0.1498,0.385,53
3954,-0.0761,0.1508,0.3822,53
3955,-0.0776,0.1518,0.3822,53
3956,-0.0745,0.1523,0.3841,53
3957,-0.0741,0.1491,0.3883,53
3958,-0.0725,0.1501,0.3848,53
3959,-0.072,0.1491,0.383,53
3960,-0.072,0.148,0.3854,53
3961,-0.071,0.148,0.3872,53
3962,-0.069,0.1474,0.3843,53
3963,-0.068,0.1458,0.3868,53
3964,-0.0655,0.1447,0.3857,53
3965,-0.0655,0.1463,0.3821,53
3966,-0.063,0.1431,0.387,54
3967,-0.0635,0.1436,0.387,54
3968,-0.062,0.1415,0.3858,54
3969,-0.059,0.1367,0.3842,54
3970,-0.0608,0.144,0.3884,54
3971,-0.0577,0.1455,0.3873,54
3972,-0.0578,0.1418,0.3837,54
3973,-0.0572,0.1429,0.3879,54
3974,-0.0553,0.1381,0.3851,54
3975,-0.0522,0.1401,0.3864,54
3976,-0.0502,0.1364,0.3853,54
3977,-0.0522,0.1385,0.3864,54
3978,-0.0502,0.1395,0.3864,54
3979,-0.0487,0.1395,0.3841,54
3980,-0.0486,0.1405,0.3865,54
3981,-0.0461,0.1404,0.3872,54
3982,-0.0431,0.1377,0.3838,54
3983,-0.0416,0.1382,0.3874,54
3984,-0.0401,0.1361,0.3851,54
3985,-0.0401,0.1382,0.3857,54
3986,-0.0395,0.1402,0.3845,55
3987,-0.037,0.137,0.3852,55
3988,-0.036,0.1354,0.3859,55
3989,-0.0355,0.1359,0.3829,55
3990,-0.0335,0.1343,0.3836,55
3991,-0.0305,0.1337,0.3867,55
3992,-0.0309,0.14,0.3849,55
3993,-0.0309,0.1384,0.3862,55
3994,-0.0278,0.1372,0.387,55
3995,-0.0283,0.142,0.3857,55
3996,-0.0258,0.1388,0.3847,55
3997,-0.0208,0.136,0.3873,55
3998,-0.0233,0.1392,0.3871,55
3999,-0.0213,0.136,0.3878,55
4000,-0.0213,0.1376,0.3837,55
4001,-0.0207,0.1376,0.3867,55
4002,-0.0142,0.1374,0.3852,55
4003,-0.0162,0.1353,0.3845,55
4004,-0.0141,0.1405,0.384,55
4005,-0.0157,0.139,0.3827,55
4006,-0.0121,0.141,0.3846,56
4007,-0.0121,0.1394,0.3858,56
4008,-0.009,0.1409,0.3836,56
4009,-0.009,0.1409,0.3865,56
4010,-0.006,0.1402,0.3831,56
4011,-0.0035,0.1407,0.3832,56
4012,-0.0045,0.1418,0.3826,56
4013,-0.0024,0.1412,0.385,56
4014,-0.0009,0.1438,0.3851,56
4015,-0.0004,0.1427,0.3851,56
4016,0.0006,0.1411,0.3822,56
4017,0.0024,0.1448,0.3883,56
4018,0.005,0.1458,0.386,56
4019,0.0061,0.1484,0.3872,56
4020,0.0091,0.1488,0.3856,56
4021,0.0106,0.1483,0.3886,56
4022,0.0106,0.1467,0.3868,56
4023,0.0127,0.1487,0.3851,56
4024,0.0177,0.1449,0.3859,56
4025,0.0137,0.1503,0.3869,56
4026,0.0152,0.1486,0.3864,57
4027,0.0173,0.1496,0.3877,57
4028,0.0183,0.1517,0.3883,57
4029,0.0194,0.1533,0.389,57
4030,0.0204,0.1511,0.3866,57
4031,0.0245,0.1557,0.3892,57
4032,0.0214,0.1548,0.3884,57
4033,0.0229,0.1542,0.3891,57
4034,0.0235,0.1558,0.3885,57
4035,0.0245,0.1552,0.3886,57
4036,0.0265,0.1567,0.3869,57
4037,0.025,0.1573,0.3892,57
4038,0.0271,0.162,0.3863,57
4039,0.0271,0.1588,0.3887,57
4040,0.0298,0.166,0.3914,57
4041,0.0319,0.167,0.3939,57
4042,0.034,0.1712,0.3897,57
4043,0.033,0.1696,0.3903,57
4044,0.035,0.1717,0.388,57
4045,0.0345,0.1706,0.3916,58
4046,0.0371,0.1679,0.3887,58
4047,0.0361,0.1717,0.3892,58
4048,0.0366,0.1732,0.3874,58
4049,0.0376,0.1722,0.3905,58
4050,0.0392,0.1758,0.3869,58
4051,0.0423,0.1731,0.3889,58
4052,0.0387,0.1753,0.3869,58
4053,0.0449,0.1751,0.3908,58
4054,0.0423,0.1784,0.3876,58
4055,0.0408,0.1784,0.3858,58
4056,0.0418,0.1789,0.3876,58
4057,0.0439,0.1805,0.3901,58
4058,0.0491,0.1819,0.3867,58
4059,0.045,0.1852,0.3841,58
4060,0.0455,0.1873,0.3841,58
4061,0.0476,0.1884,0.3866,58
4062,0.0526,0.1887,0.3885,58
4063,0.0527,0.1919,0.3897,58
4064,0.0527,0.1919,0.3885,58
4065,0.0522,0.1941,0.389,58
4066,0.0532,0.1957,0.3848,59
4067,0.0538,0.1962,0.3897,59
4068,0.0548,0.1967,0.3885,59
4069,0.0553,0.1967,0.3879,59
4070,0.0544,0.2038,0.3867,59
4071,0.0554,0.2,0.3885,59
4072,0.0559,0.1994,0.3861,59
4073,0.0585,0.1988,0.385,59
4074,0.0576,0.2085,0.3868,59
4075,0.0575,0.2064,0.3868,59
4076,0.0586,0.2063,0.3844,59
4077,0.0586,0.2074,0.385,59
4078,0.0612,0.2073,0.3833,59
4079,0.0618,0.2111,0.382,59
4080,0.0644,0.2126,0.3852,59
4081,0.0586,0.2117,0.3874,59
4082,0.0607,0.2122,0.3838,59
4083,0.0607,0.2127,0.3844,59
4084,0.0624,0.2165,0.3839,59
4085,0.0638,0.219,0.388,59
4086,0.0644,0.2244,0.3855,60
4087,0.0633,0.2217,0.3836,60
4088,0.0644,0.2244,0.3855,60
4089,0.0649,0.2244,0.3831,60
4090,0.0654,0.2254,0.3831,60
4091,0.066,0.2282,0.3837,60
4092,0.065,0.2293,0.3837,60
4093,0.0665,0.2298,0.3819,60
4094,0.0655,0.2303,0.3812,60
4095,0.0661,0.2341,0.3837,60
4096,0.0661,0.2352,0.3825,60
4097,0.0656,0.2391,0.3806,60
4098,0.0661,0.2401,0.3812,60
4099,0.0661,0.2418,0.3812,60
4100,0.0672,0.239,0.38,60
4101,0.0646,0.2423,0.3768,60
4102,0.0651,0.2451,0.3793,60
4103,0.0636,0.2478,0.3811,60
4104,0.0636,0.2484,0.3811,60
4105,0.0631,0.2489,0.3798,61
4106,0.0631,0.2489,0.3755,61
4107,0.0671,0.2488,0.381,61
4108,0.0608,0.2517,0.3776,61
4109,0.0614,0.255,0.3788,61
4110,0.0619,0.2587,0.3782,61
4111,0.0608,0.2544,0.377,61
4112,0.0609,0.2588,0.3763,61
4113,0.0609,0.2571,0.3794,61
4114,0.0588,0.261,0.3781,61
4115,0.0593,0.2615,0.3769,61
4116,0.0573,0.266,0.3786,61
4117,0.0567,0.2622,0.3774,61
4118,0.0562,0.2644,0.3774,61
4119,0.0573,0.2649,0.3799,61
4120,0.0568,0.2703,0.3774,61
4121,0.0552,0.2704,0.3761,61
4122,0.0563,0.2731,0.3767,61
4123,0.0537,0.2742,0.3809,61
4124,0.0521,0.2727,0.3771,61
4125,0.0521,0.2759,0.3771,61
4126,0.0494,0.2727,0.3789,62
4127,0.05,0.2733,0.3789,62
4128,0.05,0.2782,0.3746,62
4129,0.0491,0.2751,0.3738,62
4130,0.0455,0.2779,0.3743,62
4131,0.0449,0.279,0.3736,62
4132,0.045,0.2811,0.3718,62
4133,0.0423,0.2801,0.3735,62
4134,0.0444,0.28,0.3712,62
4135,0.0403,0.2856,0.3728,62
4136,0.0403,0.285,0.3722,62
4137,0.0382,0.2856,0.3733,62
4138,0.0383,0.2894,0.3702,62
4139,0.0367,0.2884,0.3732,62
4140,0.0357,0.2916,0.372,62
4141,0.0351,0.2863,0.3732,62
4142,0.0331,0.2928,0.37,62
4143,0.031,0.2939,0.3718,62
4144,0.0305,0.2983,0.3729,62
4145,0.03,0.2945,0.3742,62
4146,0.0284,0.2967,0.371,63
4147,0.0269,0.2978,0.3716,63
4148,0.0258,0.2973,0.3715,63
4149,0.0274,0.2978,0.3704,63
4150,0.0222,0.2954,0.3626,63
4151,0.0201,0.2954,0.3661,63
4152,0.0196,0.2965,0.3661,63
4153,0.0186,0.2971,0.3642,63
4154,0.0175,0.2929,0.363,63
4155,0.0155,0.2966,0.3617,63
4156,0.0155,0.2966,0.3629,63
4157,0.0125,0.3036,0.3657,63
4158,0.0099,0.3021,0.3644,63
4159,0.0089,0.3016,0.3644,63
4160,0.0084,0.3038,0.365,63
4161,0.0058,0.3033,0.3667,63
4162,0.0058,0.3033,0.366,63
4163,0.0022,0.305,0.3659,63
4164,0.0028,0.3082,0.3653,63
4165,0.0006,0.3008,0.3682,64
4166,-0.0024,0.3041,0.3651,64
4167,-0.0045,0.3042,0.3674,64
4168,-0.005,0.3058,0.3656,64
4169,-0.0055,0.3052,0.3662,64
4170,-0.0068,0.2969,0.3583,64
4171,-0.0093,0.2996,0.3564,64
4172,-0.0118,0.2997,0.3604,64
4173,-0.0128,0.3028,0.3592,64
4174,-0.0133,0.3044,0.358,64
4175,-0.0149,0.2987,0.3579,64
4176,-0.0169,0.3003,0.3578,64
4177,-0.0139,0.2982,0.3562,64
4178,-0.0198,0.3025,0.3571,64
4179,-0.0219,0.2989,0.3594,64
4180,-0.0244,0.3021,0.3563,64
4181,-0.0249,0.2995,0.3605,64
4182,-0.0239,0.3021,0.3587,64
4183,-0.0249,0.3042,0.3598,64
4184,-0.0239,0.3021,0.3575,64
4185,-0.0304,0.3018,0.3579,64
4186,-0.0299,0.3012,0.3579,65
4187,-0.0319,0.3013,0.359,65
4188,-0.0345,0.3003,0.3553,65
4189,-0.0375,0.302,0.3587,65
4190,-0.0385,0.301,0.3587,65
4191,-0.0358,0.2962,0.3515,65
4192,-0.0393,0.2938,0.352,65
4193,-0.0408,0.2943,0.3542,65
4194,-0.0398,0.2973,0.352,65
4195,-0.0423,0.2954,0.3547,65
4196,-0.0433,0.2954,0.3541,65
4197,-0.0462,0.2955,0.3528,65
4198,-0.0457,0.2929,0.3511,65
4199,-0.0472,0.2915,0.3522,65
4200,-0.0477,0.293,0.3511,65
4201,-0.0507,0.2941,0.3532,65
4202,-0.0522,0.2936,0.3503,65
4203,-0.0532,0.2926,0.3508,65
4204,-0.0527,0.2901,0.3503,65
4205,-0.0556,0.2927,0.3501,65
4206,-0.0571,0.2928,0.346,66
4207,-0.0601,0.2929,0.3505,66
4208,-0.0591,0.2913,0.3506,66
4209,-0.0606,0.2908,0.3499,66
4210,-0.0626,0.2904,0.3487,66
4211,-0.0606,0.2878,0.3471,66
4212,-0.066,0.292,0.3491,66
4213,-0.0675,0.288,0.3502,66
4214,-0.0666,0.2822,0.344,66
4215,-0.0671,0.2863,0.3445,66
4216,-0.0681,0.2823,0.3433,66
4217,-0.0686,0.2823,0.3433,66
4218,-0.0691,0.2838,0.3444,66
4219,-0.0706,0.2798,0.3438,66
4220,-0.0701,0.2788,0.3438,66
4221,-0.0711,0.2753,0.3421,66
4222,-0.0726,0.2759,0.3409,66
4223,-0.0735,0.2769,0.3414,66
4224,-0.0735,0.2794,0.342,66
4225,-0.076,0.2765,0.3419,66
4226,-0.0755,0.2785,0.3425,67
4227,-0.0755,0.2745,0.343,67
4228,-0.076,0.272,0.3413,67
4229,-0.0765,0.273,0.3447,67
4230,-0.0765,0.2755,0.343,67
4231,-0.0736,0.2729,0.3465,67
4232,-0.0779,0.2725,0.3475,67
4233,-0.076,0.2725,0.3436,67
4234,-0.0804,0.2736,0.3485,67
4235,-0.0818,0.2731,0.3502,67
4236,-0.0833,0.2717,0.3518,67
4237,-0.0852,0.2727,0.3506,67
4238,-0.0788,0.272,0.3491,67
4239,-0.0851,0.2717,0.3494,67
4240,-0.0842,0.2692,0.3483,67
4241,-0.0866,0.2692,0.3465,67
4242,-0.0871,0.2688,0.3465,67
4243,-0.088,0.2698,0.3459,67
4244,-0.0905,0.2669,0.3469,67
4245,-0.0924,0.2674,0.3451,67
4246,-0.0938,0.2715,0.3479,68
4247,-0.0944,0.2655,0.3462,68
4248,-0.0954,0.265,0.3456,68
4249,-0.0978,0.2636,0.3472,68
4250,-0.0988,0.2636,0.3454,68
4251,-0.0997,0.2617,0.3482,68
4252,-0.0993,0.2591,0.3443,68
4253,-0.0979,0.2576,0.3455,68
4254,-0.1012,0.2602,0.3476,68
4255,-0.1032,0.2578,0.3475,68
4256,-0.1046,0.2553,0.3469,68
4257,-0.1051,0.2548,0.3475,68
4258,-0.1023,0.2502,0.3448,68
4259,-0.1057,0.2493,0.3463,68
4260,-0.1018,0.2527,0.3454,68
4261,-0.1047,0.2515,0.3477,68
4262,-0.1057,0.2501,0.3471,68
4263,-0.1061,0.2506,0.3477,68
4264,-0.1062,0.2486,0.3482,68
4265,-0.1062,0.2441,0.3454,68
4266,-0.1072,0.2451,0.3448,69
4267,-0.1072,0.2441,0.351,69
4268,-0.1072,0.2451,0.3493,69
4269,-0.1072,0.2407,0.3488,69
4270,-0.1067,0.2431,0.3465,69
4271,-0.1082,0.2397,0.3505,69
4272,-0.1077,0.2382,0.3488,69
4273,-0.1067,0.2396,0.3511,69
4274,-0.1082,0.2397,0.3505,69
4275,-0.1078,0.2347,0.3499,69
4276,-0.1082,0.2377,0.3505,69
4277,-0.1083,0.2317,0.3533,69
4278,-0.1097,0.2328,0.3504,69
4279,-0.1102,0.2288,0.3493,69
4280,-0.1117,0.2283,0.3486,69
4281,-0.1112,0.2298,0.3521,69
4282,-0.1127,0.2259,0.3492,69
4283,-0.1136,0.2255,0.3506,69
4284,-0.1126,0.2259,0.3547,69
4285,-0.1131,0.225,0.3563,70
4286,-0.1097,0.2209,0.352,70
4287,-0.1112,0.2229,0.3525,70
4288,-0.1126,0.2224,0.3524,70
4289,-0.1141,0.22,0.3512,70
4290,-0.1141,0.218,0.3501,70
4291,-0.1151,0.2205,0.3517,70
4292,-0.1141,0.218,0.3512,70
4293,-0.1132,0.219,0.3541,70
4294,-0.1127,0.2149,0.3524,70
4295,-0.1132,0.2149,0.3541,70
4296,-0.1132,0.2139,0.353,70
4297,-0.1132,0.2129,0.353,70
4298,-0.1123,0.2094,0.3525,70
4299,-0.1113,0.2099,0.3519,70
4300,-0.1128,0.2089,0.3541,70
4301,-0.1128,0.2049,0.3547,70
4302,-0.1114,0.2029,0.3514,70
4303,-0.1109,0.2019,0.3543,70
4304,-0.1119,0.2004,0.3531,70
4305,-0.1129,0.2026,0.3572,70
4306,-0.1139,0.2006,0.3566,71
4307,-0.1119,0.2021,0.3544,71
4308,-0.1076,0.1974,0.3557,71
4309,-0.112,0.1971,0.3567,71
4310,-0.1105,0.195,0.3562,71
4311,-0.1096,0.1929,0.3534,71
4312,-0.1095,0.1945,0.3557,71
4313,-0.11,0.1945,0.3556,71
4314,-0.1081,0.1909,0.3523,71
4315,-0.1042,0.1938,0.3559,71
4316,-0.1077,0.1884,0.3575,71
4317,-0.1062,0.1853,0.3593,71
4318,-0.1052,0.1878,0.357,71
4319,-0.1043,0.1847,0.3599,71
4320,-0.1033,0.1877,0.3594,71
4321,-0.1004,0.1806,0.359,71
4322,-0.0984,0.182,0.3585,71
4323,-0.0999,0.18,0.3607,71
4324,-0.1009,0.1806,0.3612,71
4325,-0.0989,0.1795,0.3602,71
4326,-0.0994,0.1791,0.3648,72
4327,-0.1004,0.1771,0.3665,72
4328,-0.0994,0.1781,0.3637,72
4329,-0.0979,0.1796,0.366,72
4330,-0.096,0.1719,0.3627,72
4331,-0.0955,0.1714,0.3667,72
4332,-0.0945,0.1699,0.3656,72
4333,-0.0925,0.1718,0.368,72
4334,-0.0916,0.1693,0.3657,72
4335,-0.0877,0.1661,0.3653,72
4336,-0.0906,0.1677,0.3675,72
4337,-0.0847,0.164,0.3655,72
4338,-0.0877,0.1681,0.3676,72
4339,-0.0877,0.162,0.3659,72
4340,-0.0857,0.1645,0.3677,72
4341,-0.0848,0.1619,0.3689,72
4342,-0.0794,0.1608,0.3686,72
4343,-0.0828,0.1609,0.3702,72
4344,-0.0809,0.1588,0.368,72
4345,-0.0804,0.1572,0.3697,73
4346,-0.0821,0.161,0.3729,73
4347,-0.0811,0.1594,0.3747,73
4348,-0.0816,0.1595,0.3747,73
4349,-0.0782,0.1599,0.3771,73
4350,-0.0772,0.1563,0.3754,73
4351,-0.0772,0.1593,0.3772,73
4352,-0.0762,0.1598,0.379,73
4353,-0.0737,0.1592,0.3785,73
4354,-0.0738,0.1551,0.3773,73
4355,-0.0723,0.152,0.3774,73
4356,-0.0713,0.1515,0.3745,73
4357,-0.0678,0.1534,0.3758,73
4358,-0.0688,0.1545,0.3787,73
4359,-0.0689,0.1504,0.3799,73
4360,-0.0664,0.1508,0.3806,73
4361,-0.0654,0.1477,0.3835,73
4362,-0.061,0.1466,0.3796,73
4363,-0.0619,0.1517,0.3813,73
4364,-0.057,0.1465,0.3798,73
4365,-0.0595,0.147,0.3803,73
4366,-0.0603,0.1487,0.3842,74
4367,-0.0593,0.1461,0.3836,74
4368,-0.0598,0.1446,0.3825,74
4369,-0.0583,0.1461,0.3837,74
4370,-0.0558,0.145,0.3832,74
4371,-0.0543,0.147,0.3827,74
4372,-0.0529,0.1433,0.3822,74
4373,-0.0499,0.1427,0.3835,74
4374,-0.0489,0.1422,0.3847,74
4375,-0.0484,0.1412,0.387,74
4376,-0.0474,0.1422,0.3847,74
4377,-0.045,0.14,0.3854,74
4378,-0.0439,0.1415,0.3832,74
4379,-0.0435,0.1395,0.3843,74
4380,-0.0419,0.1425,0.3844,74
4381,-0.039,0.1424,0.3869,74
4382,-0.036,0.1392,0.3817,74
4383,-0.0365,0.1393,0.3858,74
4384,-0.0346,0.1366,0.383,74
4385,-0.0305,0.1401,0.3849,74
4386,-0.0316,0.1381,0.3831,75
4387,-0.0312,0.1422,0.3868,75
4388,-0.0297,0.1417,0.3881,75
4389,-0.0272,0.1406,0.3847,75
4390,-0.0227,0.1404,0.386,75
4391,-0.0232,0.1415,0.3854,75
4392,-0.0237,0.142,0.3877,75
4393,-0.0202,0.1404,0.3879,75
4394,-0.0202,0.1398,0.385,75
4395,-0.0182,0.1424,0.3862,75
4396,-0.0182,0.1403,0.3886,75
4397,-0.0147,0.1448,0.3875,75
4398,-0.0157,0.1433,0.3857,75
4399,-0.0117,0.1432,0.3877,75
4400,-0.0122,0.1437,0.3876,75
4401,-0.0097,0.1431,0.3866,75
4402,-0.0072,0.1436,0.3849,75
4403,-0.0057,0.144,0.3897,75
4404,-0.0037,0.1476,0.3886,75
4405,-0.0027,0.1445,0.3892,75
4406,-0.0007,0.1439,0.3887,76
4407,-0.0007,0.1475,0.3881,76
4408,0.0031,0.147,0.3887,76
4409,0.0031,0.1465,0.3911,76
4410,0.0046,0.1475,0.3906,76
4411,0.0066,0.1464,0.3906,76
4412,0.0107,0.153,0.392,76
4413,0.0127,0.1524,0.3921,76
4414,0.0133,0.1555,0.3909,76
4415,0.0148,0.157,0.3939,76
4416,0.0147,0.1545,0.3933,76
4417,0.0173,0.1585,0.3934,76
4418,0.0193,0.1559,0.3923,76
4419,0.0203,0.1558,0.3906,76
4420,0.0198,0.1559,0.3935,76
4421,0.0218,0.1563,0.3948,76
4422,0.0223,0.1568,0.3919,76
4423,0.0228,0.161,0.3942,76
4424,0.0239,0.1661,0.3913,76
4425,0.0269,0.1634,0.395,76
4426,0.0289,0.168,0.3897,77
4427,0.0294,0.1649,0.3933,77
4428,0.029,0.1701,0.3903,77
4429,0.0326,0.1715,0.398,77
4430,0.032,0.1679,0.3932,77
4431,0.0325,0.1689,0.395,77
4432,0.0351,0.1715,0.3946,77
4433,0.0351,0.1756,0.3945,77
4434,0.0357,0.1762,0.3957,77
4435,0.0362,0.1761,0.3916,77
4436,0.0362,0.1761,0.3898,77
4437,0.0387,0.1787,0.3941,77
4438,0.0392,0.1787,0.3893,77
4439,0.0423,0.178,0.3942,77
4440,0.0408,0.1786,0.3894,77
4441,0.0428,0.1817,0.3942,77
4442,0.0403,0.1839,0.3929,77
4443,0.0408,0.1828,0.39,77
4444,0.0408,0.1854,0.3906,77
4445,0.0409,0.1938,0.39,77
4446,0.0439,0.1911,0.3883,78
4447,0.0424,0.1859,0.3906,78
4448,0.0439,0.189,0.3901,78
4449,0.0424,0.189,0.3924,78
4450,0.0435,0.1943,0.3871,78
4451,0.0445,0.1921,0.3871,78
4452,0.0429,0.1932,0.3853,78
4453,0.0473,0.1941,0.3942,78
4454,0.0474,0.1967,0.3924,78
4455,0.0469,0.1957,0.3948,78
4456,0.0464,0.1989,0.3923,78
4457,0.0489,0.1967,0.3937,78
4458,0.0479,0.2015,0.39,78
4459,0.05,0.1993,0.3913,78
4460,0.0469,0.1983,0.39,78
4461,0.0546,0.2024,0.3897,78
4462,0.05,0.1998,0.3901,78
4463,0.0479,0.1994,0.3894,78
4464,0.05,0.2014,0.3871,78
4465,0.05,0.203,0.3889,78
4466,0.0551,0.1986,0.3885,79
4467,0.0505,0.1972,0.3889,79
4468,0.0531,0.1998,0.3896,79
4469,0.0511,0.2051,0.3895,79
4470,0.0515,0.2009,0.3859,79
4471,0.0536,0.2066,0.3884,79
4472,0.0536,0.2045,0.389,79
4473,0.0541,0.2045,0.3866,79
4474,0.0536,0.2034,0.3896,79
4475,0.0556,0.2018,0.3867,79
4476,0.0562,0.2044,0.3879,79
4477,0.0551,0.2018,0.3915,79
4478,0.0562,0.2018,0.3897,79
4479,0.0567,0.2071,0.3903,79
4480,0.0572,0.2055,0.3892,79
4481,0.0582,0.2044,0.3898,79
4482,0.0578,0.2065,0.3916,79
4483,0.0583,0.2081,0.391,79
4484,0.0562,0.2055,0.3921,79
4485,0.0572,0.2039,0.3922,79
4486,0.0567,0.2065,0.3885,80
4487,0.0593,0.2033,0.3887,80
4488,0.0598,0.208,0.3899,80
4489,0.0582,0.2044,0.3892,80
4490,0.0578,0.2092,0.3892,80
4491,0.0588,0.2107,0.3934,80
4492,0.0562,0.206,0.3909,80
4493,0.0583,0.2065,0.3874,80
4494,0.0572,0.2049,0.3904,80
4495,0.0604,0.2086,0.3923,80
4496,0.0562,0.2066,0.3915,80
4497,0.0578,0.2092,0.3928,80
4498,0.0567,0.206,0.3921,80
4499,0.0572,0.2065,0.391,80
